date,topic,doc_nb,word_nb,char_nb,doc_ids
2016-01-27,G1,9.715100e-02, 101.2313390,  541.908262,
2016-01-27,G10,8.122507e-01, 846.3652422, 4530.734473,5cc18ec6a2c3615169989edf
2016-01-27,G2,4.017094e-02,  41.8581197,  224.073504,
2016-01-27,G3,2.849003e-04,   0.2968661,    1.589174,
2016-01-27,G4,3.162393e-02,  32.9521368,  176.398291,
2016-01-27,G5,1.452991e-02,  15.1401709,   81.047863,
2016-01-27,G6,3.133903e-03,   3.2655271,   17.480912,
2016-01-27,G7,2.849003e-04,   0.2968661,    1.589174,
2016-01-27,G8,2.849003e-04,   0.2968661,    1.589174,
2016-01-27,G9,2.849003e-04,   0.2968661,    1.589174,
2016-04-04,G1,4.098361e-04,   0.1872951,    1.236885,
2016-04-04,G10,4.098361e-04,   0.1872951,    1.236885,
2016-04-04,G2,6.598361e-02,  30.1545082,  199.138525,
2016-04-04,G3,6.028689e-01, 275.5110656, 1819.458197,5cc18a43a2c3615169989e0a
2016-04-04,G4,4.098361e-04,   0.1872951,    1.236885,
2016-04-04,G5,4.098361e-04,   0.1872951,    1.236885,
2016-04-04,G6,1.270492e-02,   5.8061475,   38.343443,
2016-04-04,G7,3.159836e-01, 144.4045082,  953.638525,
2016-04-04,G8,4.098361e-04,   0.1872951,    1.236885,
2016-04-04,G9,4.098361e-04,   0.1872951,    1.236885,
2016-05-03,G1,1.435233e-01, 190.1683938, 1141.871503,
2016-05-03,G10,3.939551e-01, 521.9905009, 3134.306736,5cc18d28a2c3615169989e98
2016-05-03,G2,1.727116e-04,   0.2288428,    1.374093,
2016-05-03,G3,1.348877e-01, 178.7262522, 1073.166839,
2016-05-03,G4,1.020725e-01, 135.2461140,  812.089119,
2016-05-03,G5,1.727116e-04,   0.2288428,    1.374093,
2016-05-03,G6,1.727116e-04,   0.2288428,    1.374093,
2016-05-03,G7,7.789292e-02, 103.2081174,  619.716062,
2016-05-03,G8,1.226252e-02,  16.2478411,   97.560622,
2016-05-03,G9,1.348877e-01, 178.7262522, 1073.166839,
2016-05-05,G1,3.125000e-03,   2.1093750,   13.828125,
2016-05-05,G10,4.857955e-02,  32.7911932,  214.964489,
2016-05-05,G2,2.840909e-04,   0.1917614,    1.257102,
2016-05-05,G3,4.605114e-01, 310.8451705, 2037.762784,5cc188efa2c3615169989dc7
2016-05-05,G4,2.758523e-01, 186.2002841, 1220.646307,
2016-05-05,G5,9.119318e-02,  61.5553977,  403.529830,
2016-05-05,G6,2.840909e-04,   0.1917614,    1.257102,
2016-05-05,G7,9.687500e-02,  65.3906250,  428.671875,
2016-05-05,G8,2.840909e-04,   0.1917614,    1.257102,
2016-05-05,G9,2.301136e-02,  15.5326705,  101.825284,
2016-05-10,G1,5.209184e-01, 233.3714286, 1433.567347,5cc18956a2c3615169989dd8
2016-05-10,G10,5.102041e-04,   0.2285714,    1.404082,
2016-05-10,G2,5.102041e-04,   0.2285714,    1.404082,
2016-05-10,G3,5.102041e-04,   0.2285714,    1.404082,
2016-05-10,G4,8.724490e-02,  39.0857143,  240.097959,
2016-05-10,G5,5.102041e-04,   0.2285714,    1.404082,
2016-05-10,G6,1.994898e-01,  89.3714286,  548.995918,
2016-05-10,G7,1.841837e-01,  82.5142857,  506.873469,
2016-05-10,G8,5.102041e-04,   0.2285714,    1.404082,
2016-05-10,G9,5.612245e-03,   2.5142857,   15.444898,
2016-05-12,G1,3.412969e-04,   0.2078498,    1.269625,
2016-05-12,G10,1.399317e-02,   8.5218430,   52.054608,
2016-05-12,G2,3.412969e-04,   0.2078498,    1.269625,
2016-05-12,G3,6.692833e-01, 407.5935154, 2489.733788,5cc18970a2c3615169989de2
2016-05-12,G4,3.754266e-03,   2.2863481,   13.965870,
2016-05-12,G5,3.412969e-04,   0.2078498,    1.269625,
2016-05-12,G6,7.167235e-03,   4.3648464,   26.662116,
2016-05-12,G7,1.300341e-01,  79.1907850,  483.726962,
2016-05-12,G8,6.518771e-02,  39.6993174,  242.498294,
2016-05-12,G9,1.095563e-01,  66.7197952,  407.549488,
2016-05-15,G1,1.169981e-02,   9.0870851,   55.209467,
2016-05-15,G10,2.704819e-01, 284.1729591, 1683.451555,
2016-05-15,G2,3.417053e-01, 238.9346548, 1467.053267,
2016-05-15,G3,5.387642e-01, 376.6787724, 2312.829738,5cc18879a2c3615169989daf
2016-05-15,G4,5.288594e-04,   0.4523019,    2.723855,
2016-05-15,G5,1.555137e-01, 155.0589851,  922.153405,
2016-05-15,G6,5.288594e-04,   0.4523019,    2.723855,
2016-05-15,G7,9.448081e-02,  90.9134452,  542.162795,
2016-05-15,G8,4.823709e-01, 501.6918075, 2974.231174,5cc18880a2c3615169989db1
2016-05-15,G9,1.039257e-01,  92.5576871,  555.460889,
2016-05-27,G1,4.878049e-04,   0.2390244,    1.421951,
2016-05-27,G10,1.024390e-02,   5.0195122,   29.860976,
2016-05-27,G2,6.004878e-01, 294.2390244, 1750.421951,5cc1823aa2c3615169989c8e
2016-05-27,G3,4.878049e-04,   0.2390244,    1.421951,
2016-05-27,G4,4.878049e-04,   0.2390244,    1.421951,
2016-05-27,G5,4.878049e-04,   0.2390244,    1.421951,
2016-05-27,G6,4.878049e-04,   0.2390244,    1.421951,
2016-05-27,G7,3.565854e-01, 174.7268293, 1039.446341,
2016-05-27,G8,4.878049e-04,   0.2390244,    1.421951,
2016-05-27,G9,2.975610e-02,  14.5804878,   86.739024,
2016-06-05,G1,5.000000e-02,   3.0500000,   19.150000,
2016-06-05,G10,5.000000e-02,   3.0500000,   19.150000,
2016-06-05,G2,5.000000e-02,   3.0500000,   19.150000,
2016-06-05,G3,5.000000e-02,   3.0500000,   19.150000,
2016-06-05,G4,5.000000e-02,   3.0500000,   19.150000,
2016-06-05,G5,5.000000e-02,   3.0500000,   19.150000,
2016-06-05,G6,5.000000e-02,   3.0500000,   19.150000,
2016-06-05,G7,5.000000e-02,   3.0500000,   19.150000,
2016-06-05,G8,5.500000e-01,  33.5500000,  210.650000,5cc1832fa2c3615169989ca7
2016-06-05,G9,5.000000e-02,   3.0500000,   19.150000,
2016-06-12,G1,4.666667e-02,   6.9533333,   39.526667,
2016-06-12,G10,4.911111e-01,  73.1755556,  415.971111,5cc18399a2c3615169989cc4
2016-06-12,G2,2.222222e-03,   0.3311111,    1.882222,
2016-06-12,G3,4.666667e-02,   6.9533333,   39.526667,
2016-06-12,G4,2.222222e-03,   0.3311111,    1.882222,
2016-06-12,G5,2.222222e-03,   0.3311111,    1.882222,
2016-06-12,G6,4.666667e-02,   6.9533333,   39.526667,
2016-06-12,G7,2.222222e-03,   0.3311111,    1.882222,
2016-06-12,G8,3.577778e-01,  53.3088889,  303.037778,
2016-06-12,G9,2.222222e-03,   0.3311111,    1.882222,
2016-06-15,G1,1.102094e-01,  96.1026178,  591.604188,
2016-06-15,G10,3.952880e-02,  34.4691099,  212.190576,
2016-06-15,G2,2.617801e-04,   0.2282723,    1.405236,
2016-06-15,G3,2.617801e-04,   0.2282723,    1.405236,
2016-06-15,G4,3.196335e-01, 278.7204188, 1715.792670,
2016-06-15,G5,2.617801e-04,   0.2282723,    1.405236,
2016-06-15,G6,5.290576e-01, 461.3382199, 2839.981152,5cc183eea2c3615169989cd1
2016-06-15,G7,2.617801e-04,   0.2282723,    1.405236,
2016-06-15,G8,2.617801e-04,   0.2282723,    1.405236,
2016-06-15,G9,2.617801e-04,   0.2282723,    1.405236,
2016-06-20,G1,1.231855e-01, 136.9822581,  826.451411,
2016-06-20,G10,1.834677e-02,  20.4016129,  123.088508,
2016-06-20,G2,2.016129e-04,   0.2241935,    1.352621,
2016-06-20,G3,2.036290e-02,  22.6435484,  136.614718,
2016-06-20,G4,2.016129e-04,   0.2241935,    1.352621,
2016-06-20,G5,2.016129e-04,   0.2241935,    1.352621,
2016-06-20,G6,8.368952e-01, 930.6274194, 5614.729637,5cc18460a2c3615169989ce5
2016-06-20,G7,2.016129e-04,   0.2241935,    1.352621,
2016-06-20,G8,2.016129e-04,   0.2241935,    1.352621,
2016-06-20,G9,2.016129e-04,   0.2241935,    1.352621,
2016-06-26,G1,2.797784e-02,  21.2072022,  135.188920,
2016-06-26,G10,1.249307e-01,  94.6975069,  603.665374,
2016-06-26,G2,1.966759e-02,  14.9080332,   95.033795,
2016-06-26,G3,4.736842e-02,  35.9052632,  228.884211,
2016-06-26,G4,1.166205e-01,  88.3983380,  563.510249,
2016-06-26,G5,4.545706e-01, 344.5645429, 2196.485319,5cc18482a2c3615169989cf3
2016-06-26,G6,3.047091e-03,   2.3096953,   14.723546,
2016-06-26,G7,2.770083e-04,   0.2099723,    1.338504,
2016-06-26,G8,2.052632e-01, 155.5894737,  991.831579,
2016-06-26,G9,2.770083e-04,   0.2099723,    1.338504,
2016-07-05,G1,1.510574e-04,   0.2406344,    1.462387,
2016-07-05,G10,1.814199e-01, 289.0019637, 1756.326435,
2016-07-05,G2,1.510574e-04,   0.2406344,    1.462387,
2016-07-05,G3,1.510574e-04,   0.2406344,    1.462387,
2016-07-05,G4,1.510574e-04,   0.2406344,    1.462387,
2016-07-05,G5,1.510574e-04,   0.2406344,    1.462387,
2016-07-05,G6,1.361027e-01, 216.8116314, 1317.610423,
2016-07-05,G7,8.021148e-02, 127.7768882,  776.527341,
2016-07-05,G8,2.129909e-02,  33.9294562,  206.196526,
2016-07-05,G9,5.802115e-01, 924.2768882, 5617.027341,5cc18138a2c3615169989c5e
2016-07-07,G1,1.904762e-04,   0.1866667,    1.259619,
2016-07-07,G10,2.114286e-02,  20.7200000,  139.817714,
2016-07-07,G2,9.714286e-03,   9.5200000,   64.240571,
2016-07-07,G3,3.828571e-02,  37.5200000,  253.183429,
2016-07-07,G4,1.904762e-04,   0.1866667,    1.259619,
2016-07-07,G5,1.352381e-02,  13.2533333,   89.432952,
2016-07-07,G6,4.763810e-01, 466.8533333, 3150.307238,5cc18566a2c3615169989d1d
2016-07-07,G7,1.904762e-04,   0.1866667,    1.259619,
2016-07-07,G8,1.904762e-04,   0.1866667,    1.259619,
2016-07-07,G9,4.401905e-01, 431.3866667, 2910.979619,
2016-08-07,G1,3.105590e-04,   0.2369565,    1.439130,
2016-08-07,G10,1.649068e-01, 125.8239130,  764.178261,
2016-08-07,G2,8.105590e-02,  61.8456522,  375.613043,
2016-08-07,G3,3.105590e-04,   0.2369565,    1.439130,
2016-08-07,G4,3.105590e-04,   0.2369565,    1.439130,
2016-08-07,G5,5.065217e-01, 386.4760870, 2347.221739,5cc18761a2c3615169989d7b
2016-08-07,G6,1.121118e-01,  85.5413043,  519.526087,
2016-08-07,G7,2.204969e-02,  16.8239130,  102.178261,
2016-08-07,G8,3.105590e-04,   0.2369565,    1.439130,
2016-08-07,G9,1.121118e-01,  85.5413043,  519.526087,
2016-08-16,G1,1.581292e-02,  15.3701559,   94.197550,
2016-08-16,G10,1.182628e-01, 114.9514477,  704.491537,
2016-08-16,G2,3.187082e-01, 309.7844098, 1898.544989,
2016-08-16,G3,4.723831e-01, 459.1563474, 2813.985969,5cc187dfa2c3615169989d92
2016-08-16,G4,2.227171e-04,   0.2164811,    1.326726,
2016-08-16,G5,2.227171e-04,   0.2164811,    1.326726,
2016-08-16,G6,2.449889e-03,   2.3812918,   14.593987,
2016-08-16,G7,5.590200e-02,  54.3367483,  333.008241,
2016-08-16,G8,1.581292e-02,  15.3701559,   94.197550,
2016-08-16,G9,2.227171e-04,   0.2164811,    1.326726,
2016-08-18,G1,6.262626e-03,   5.9494949,   39.316768,
2016-08-18,G10,2.020202e-04,   0.1919192,    1.268283,
2016-08-18,G2,1.759596e-01, 167.1616162, 1104.674343,
2016-08-18,G3,6.484848e-02,  61.6060606,  407.118788,
2016-08-18,G4,4.789899e-01, 455.0404040, 3007.098586,5cc1881da2c3615169989d9e
2016-08-18,G5,2.020202e-04,   0.1919192,    1.268283,
2016-08-18,G6,1.072727e-01, 101.9090909,  673.458182,
2016-08-18,G7,1.658586e-01, 157.5656566, 1041.260202,
2016-08-18,G8,2.020202e-04,   0.1919192,    1.268283,
2016-08-18,G9,2.020202e-04,   0.1919192,    1.268283,
2016-09-07,G1,4.784689e-04,   0.2387560,    1.410048,
2016-09-07,G10,4.071770e-01, 203.1813397, 1199.950718,5cc17f30a2c3615169989bf1
2016-09-07,G2,1.004785e-02,   5.0138756,   29.611005,
2016-09-07,G3,1.392344e-01,  69.4779904,  410.323923,
2016-09-07,G4,4.784689e-04,   0.2387560,    1.410048,
2016-09-07,G5,4.784689e-04,   0.2387560,    1.410048,
2016-09-07,G6,7.703349e-02,  38.4397129,  227.017703,
2016-09-07,G7,2.397129e-01, 119.6167464,  706.433971,
2016-09-07,G8,1.248804e-01,  62.3153110,  368.022488,
2016-09-07,G9,4.784689e-04,   0.2387560,    1.410048,
2016-09-12,G1,2.366013e-02,  35.7031373,  219.400392,
2016-09-12,G10,1.437908e-03,   2.1698039,   13.333725,
2016-09-12,G2,6.720261e-01,1014.0874510, 6231.698431,5cc17f7aa2c3615169989c01
2016-09-12,G3,1.112418e-01, 167.8639216, 1031.545490,
2016-09-12,G4,1.307190e-04,   0.1972549,    1.212157,
2016-09-12,G5,1.307190e-04,   0.1972549,    1.212157,
2016-09-12,G6,1.437908e-03,   2.1698039,   13.333725,
2016-09-12,G7,1.712418e-02,  25.8403922,  158.792549,
2016-09-12,G8,1.307190e-04,   0.1972549,    1.212157,
2016-09-12,G9,1.726797e-01, 260.5737255, 1601.259216,
2016-09-16,G1,8.803279e-01, 385.5836066, 2286.211475,5cc17fe8a2c3615169989c16
2016-09-16,G10,5.464481e-04,   0.2393443,    1.419126,
2016-09-16,G2,5.464481e-04,   0.2393443,    1.419126,
2016-09-16,G3,5.464481e-04,   0.2393443,    1.419126,
2016-09-16,G4,5.464481e-04,   0.2393443,    1.419126,
2016-09-16,G5,5.464481e-04,   0.2393443,    1.419126,
2016-09-16,G6,1.153005e-01,  50.5016393,  299.435519,
2016-09-16,G7,5.464481e-04,   0.2393443,    1.419126,
2016-09-16,G8,5.464481e-04,   0.2393443,    1.419126,
2016-09-16,G9,5.464481e-04,   0.2393443,    1.419126,
2016-10-02,G1,1.224439e-01, 117.5461347,  699.766833,
2016-10-02,G10,5.738155e-01, 550.8628429, 3279.355362,5cc180e7a2c3615169989c56
2016-10-02,G2,2.493766e-04,   0.2394015,    1.425187,
2016-10-02,G3,7.730673e-03,   7.4214464,   44.180798,
2016-10-02,G4,2.493766e-04,   0.2394015,    1.425187,
2016-10-02,G5,2.493766e-04,   0.2394015,    1.425187,
2016-10-02,G6,8.004988e-02,  76.8478803,  457.485037,
2016-10-02,G7,2.493766e-04,   0.2394015,    1.425187,
2016-10-02,G8,2.493766e-04,   0.2394015,    1.425187,
2016-10-02,G9,2.147132e-01, 206.1246883, 1227.086035,
2016-10-08,G1,3.343465e-03,   2.7215805,   15.523708,
2016-10-08,G10,8.541033e-02,  69.5240122,  396.560182,
2016-10-08,G2,4.167173e-01, 339.2079027, 1934.818541,
2016-10-08,G3,4.288754e-01, 349.1045593, 1991.268389,5cc17caba2c3615169989b6e
2016-10-08,G4,3.039514e-04,   0.2474164,    1.411246,
2016-10-08,G5,6.382979e-03,   5.1957447,   29.636170,
2016-10-08,G6,3.039514e-04,   0.2474164,    1.411246,
2016-10-08,G7,3.039514e-04,   0.2474164,    1.411246,
2016-10-08,G8,5.805471e-02,  47.2565350,  269.548024,
2016-10-08,G9,3.039514e-04,   0.2474164,    1.411246,
2016-10-27,G1,5.187050e-01, 163.3920863, 1007.843885,5cc17a06a2c3615169989abb
2016-10-27,G10,1.733813e-01,  54.6151079,  336.879856,
2016-10-27,G2,7.194245e-04,   0.2266187,    1.397842,
2016-10-27,G3,7.194245e-04,   0.2266187,    1.397842,
2016-10-27,G4,3.028777e-01,  95.4064748,  588.491367,
2016-10-27,G5,7.194245e-04,   0.2266187,    1.397842,
2016-10-27,G6,7.194245e-04,   0.2266187,    1.397842,
2016-10-27,G7,7.194245e-04,   0.2266187,    1.397842,
2016-10-27,G8,7.194245e-04,   0.2266187,    1.397842,
2016-10-27,G9,7.194245e-04,   0.2266187,    1.397842,
2016-11-01,G1,6.660622e-01, 559.4922280, 3338.969689,5cc17a4ba2c3615169989acb
2016-11-01,G10,4.948187e-02,  41.5647668,  248.052591,
2016-11-01,G2,8.031088e-03,   6.7461140,   40.259845,
2016-11-01,G3,1.272021e-01, 106.8497409,  637.663990,
2016-11-01,G4,2.616580e-02,  21.9792746,  131.169171,
2016-11-01,G5,2.590674e-04,   0.2176166,    1.298705,
2016-11-01,G6,8.031088e-03,   6.7461140,   40.259845,
2016-11-01,G7,1.142487e-01,  95.9689119,  572.728756,
2016-11-01,G8,2.590674e-04,   0.2176166,    1.298705,
2016-11-01,G9,2.590674e-04,   0.2176166,    1.298705,
2016-11-10,G1,2.401747e-03,   2.2912664,   14.705895,
2016-11-10,G10,2.183406e-04,   0.2082969,    1.336900,
2016-11-10,G2,6.768559e-03,   6.4572052,   41.443886,
2016-11-10,G3,2.183406e-04,   0.2082969,    1.336900,
2016-11-10,G4,2.183406e-04,   0.2082969,    1.336900,
2016-11-10,G5,4.674672e-01, 445.9637555, 2862.301965,5cc17b16a2c3615169989b00
2016-11-10,G6,1.331878e-02,  12.7061135,   81.550873,
2016-11-10,G7,4.390830e-01, 418.8851528, 2688.505022,
2016-11-10,G8,2.183406e-04,   0.2082969,    1.336900,
2016-11-10,G9,7.008734e-02,  66.8633188,  429.144760,
2016-11-16,G1,3.134796e-04,   0.2112853,    1.380878,
2016-11-16,G10,5.987461e-02,  40.3554859,  263.747649,
2016-11-16,G2,1.912226e-02,  12.8884013,   84.233542,
2016-11-16,G3,6.614420e-02,  44.5811912,  291.365204,
2016-11-16,G4,3.388715e-01, 228.3993730, 1492.728840,
2016-11-16,G5,6.583072e-03,   4.4369906,   28.998433,
2016-11-16,G6,3.134796e-04,   0.2112853,    1.380878,
2016-11-16,G7,4.768025e-01, 321.3648903, 2100.315047,5cc17baca2c3615169989b2b
2016-11-16,G8,2.852665e-02,  19.2269592,  125.659875,
2016-11-16,G9,3.448276e-03,   2.3241379,   15.189655,
2016-11-22,G1,5.917160e-04,   0.2414201,    1.458580,
2016-11-22,G10,2.426036e-02,   9.8982249,   59.801775,
2016-11-22,G2,6.508876e-03,   2.6556213,   16.044379,
2016-11-22,G3,5.917160e-04,   0.2414201,    1.458580,
2016-11-22,G4,5.917160e-04,   0.2414201,    1.458580,
2016-11-22,G5,2.426036e-02,   9.8982249,   59.801775,
2016-11-22,G6,1.307692e-01,  53.3538462,  322.346154,
2016-11-22,G7,2.846154e-01, 116.1230769,  701.576923,
2016-11-22,G8,5.917160e-04,   0.2414201,    1.458580,
2016-11-22,G9,5.272189e-01, 215.1053254, 1299.594675,5cc17c29a2c3615169989b4b
2016-12-10,G1,4.310345e-04,   0.2163793,    1.331034,
2016-12-10,G10,6.939655e-02,  34.8370690,  214.296552,
2016-12-10,G2,1.987069e-01,  99.7508621,  613.606897,
2016-12-10,G3,4.310345e-04,   0.2163793,    1.331034,
2016-12-10,G4,4.310345e-04,   0.2163793,    1.331034,
2016-12-10,G5,7.202586e-01, 361.5698276, 2224.158621,5cc17771a2c3615169989a19
2016-12-10,G6,9.051724e-03,   4.5439655,   27.951724,
2016-12-10,G7,4.310345e-04,   0.2163793,    1.331034,
2016-12-10,G8,4.310345e-04,   0.2163793,    1.331034,
2016-12-10,G9,4.310345e-04,   0.2163793,    1.331034,
2016-12-16,G1,3.174603e-04,   0.2196825,    1.360000,
2016-12-16,G10,5.111111e-02,  35.3688889,  218.960000,
2016-12-16,G2,1.431746e-01,  99.0768254,  613.360000,
2016-12-16,G3,1.400000e-01,  96.8800000,  599.760000,
2016-12-16,G4,3.174603e-04,   0.2196825,    1.360000,
2016-12-16,G5,3.174603e-04,   0.2196825,    1.360000,
2016-12-16,G6,3.841270e-02,  26.5815873,  164.560000,
2016-12-16,G7,3.174603e-04,   0.2196825,    1.360000,
2016-12-16,G8,4.793651e-02,  33.1720635,  205.360000,
2016-12-16,G9,5.780952e-01, 400.0419048, 2476.560000,5cc17807a2c3615169989a39
2016-12-24,G1,2.381266e-02,  78.6294195,  463.132520,
2016-12-24,G10,5.271108e-01,1740.5199208,10251.778298,5cc17871a2c3615169989a54
2016-12-24,G2,6.596306e-05,   0.2178100,    1.282916,
2016-12-24,G3,6.596306e-05,   0.2178100,    1.282916,
2016-12-24,G4,6.596306e-05,   0.2178100,    1.282916,
2016-12-24,G5,1.127968e-02,  37.2455145,  219.378562,
2016-12-24,G6,4.096306e-02, 135.2600264,  796.690567,
2016-12-24,G7,7.592348e-02, 250.6993404, 1476.635818,
2016-12-24,G8,2.658971e-01, 877.9922164, 5171.432652,
2016-12-24,G9,5.481530e-02, 181.0001319, 1066.102836,
2017-01-06,G1,5.460993e-02,  49.2035461,  308.054610,
2017-01-06,G10,1.113475e-01, 100.3241135,  628.111348,
2017-01-06,G2,2.364066e-04,   0.2130024,    1.333570,
2017-01-06,G3,2.364066e-04,   0.2130024,    1.333570,
2017-01-06,G4,2.364066e-04,   0.2130024,    1.333570,
2017-01-06,G5,2.364066e-04,   0.2130024,    1.333570,
2017-01-06,G6,7.803783e-01, 703.1208038, 4402.113712,5cc178c7a2c3615169989a6a
2017-01-06,G7,2.364066e-04,   0.2130024,    1.333570,
2017-01-06,G8,1.678487e-02,  15.1231678,   94.683452,
2017-01-06,G9,3.569740e-02,  32.1633570,  201.369031,
2017-01-18,G1,1.517329e-03,   0.4696247,    2.878826,
2017-01-18,G10,1.517329e-03,   0.4696247,    2.878826,
2017-01-18,G2,1.517329e-03,   0.4696247,    2.878826,
2017-01-18,G3,1.517329e-03,   0.4696247,    2.878826,
2017-01-18,G4,8.816599e-03,   2.8272889,   17.367877,
2017-01-18,G5,1.517329e-03,   0.4696247,    2.878826,
2017-01-18,G6,1.517329e-03,   0.4696247,    2.878826,
2017-01-18,G7,6.865567e-01, 203.9263176, 1246.910322,5cc172d3a2c3615169989925
2017-01-18,G8,2.456463e-02,   7.5044543,   45.966303,
2017-01-18,G9,1.270958e+00, 402.9241910, 2473.482539,5cc172d1a2c3615169989924
2017-02-02,G1,1.383929e-02,   6.5044643,   40.978125,
2017-02-02,G10,4.464286e-04,   0.2098214,    1.321875,
2017-02-02,G2,7.816964e-01, 367.3973214, 2314.603125,5cc1741aa2c3615169989971
2017-02-02,G3,1.522321e-01,  71.5491071,  450.759375,
2017-02-02,G4,4.464286e-04,   0.2098214,    1.321875,
2017-02-02,G5,4.464286e-04,   0.2098214,    1.321875,
2017-02-02,G6,9.375000e-03,   4.4062500,   27.759375,
2017-02-02,G7,4.062500e-02,  19.0937500,  120.290625,
2017-02-02,G8,4.464286e-04,   0.2098214,    1.321875,
2017-02-02,G9,4.464286e-04,   0.2098214,    1.321875,
2017-02-20,G1,5.432203e-01, 166.7686441,  981.599153,5cc174e5a2c361516998999d
2017-02-20,G10,3.652542e-01, 112.1330508,  660.014407,
2017-02-20,G2,8.474576e-04,   0.2601695,    1.531356,
2017-02-20,G3,8.474576e-04,   0.2601695,    1.531356,
2017-02-20,G4,8.474576e-04,   0.2601695,    1.531356,
2017-02-20,G5,8.474576e-04,   0.2601695,    1.531356,
2017-02-20,G6,8.559322e-02,  26.2771186,  154.666949,
2017-02-20,G7,8.474576e-04,   0.2601695,    1.531356,
2017-02-20,G8,8.474576e-04,   0.2601695,    1.531356,
2017-02-20,G9,8.474576e-04,   0.2601695,    1.531356,
2017-02-21,G1,5.889908e-02,  77.8645872,  460.708624,
2017-02-21,G10,1.414679e-01, 187.0205505, 1106.561835,
2017-02-21,G2,5.688073e-03,   7.5196330,   44.492110,
2017-02-21,G3,7.522936e-03,   9.9453211,   58.844404,
2017-02-21,G4,3.321101e-02,  43.9049541,  259.776514,
2017-02-21,G5,2.403670e-02,  31.7765138,  188.015046,
2017-02-21,G6,5.598165e-01, 740.0774312, 4378.884771,5cc17521a2c36151699899a1
2017-02-21,G7,1.302752e-02,  17.2223853,  101.901284,
2017-02-21,G8,1.834862e-04,   0.2425688,    1.435229,
2017-02-21,G9,1.561468e-01, 206.4260550, 1221.380183,
2017-03-16,G1,2.320186e-04,   0.2194896,    1.350116,
2017-03-16,G10,3.529002e-01, 333.8436195, 2053.526450,5cc16ecda2c3615169989833
2017-03-16,G2,2.320186e-04,   0.2194896,    1.350116,
2017-03-16,G3,3.039443e-02,  28.7531323,  176.865197,
2017-03-16,G4,2.320186e-04,   0.2194896,    1.350116,
2017-03-16,G5,1.881671e-01, 178.0060325, 1094.944084,
2017-03-16,G6,2.320186e-04,   0.2194896,    1.350116,
2017-03-16,G7,1.046404e-01,  98.9897912,  608.902320,
2017-03-16,G8,2.740139e-01, 259.2171694, 1594.487007,
2017-03-16,G9,4.895592e-02,  46.3122970,  284.874478,
2017-04-29,G1,5.409182e-02,  63.7201597,  391.300200,
2017-04-29,G10,6.407186e-02,  75.4766467,  463.495808,
2017-04-29,G2,1.217565e-02,  14.3429142,   88.078643,
2017-04-29,G3,2.195609e-03,   2.5864271,   15.883034,
2017-04-29,G4,1.996008e-04,   0.2351297,    1.443912,
2017-04-29,G5,1.996008e-04,   0.2351297,    1.443912,
2017-04-29,G6,5.750499e-01, 677.4087824, 4159.910978,5cc17135a2c36151699898c4
2017-04-29,G7,4.011976e-02,  47.2610778,  290.226347,
2017-04-29,G8,1.996008e-04,   0.2351297,    1.443912,
2017-04-29,G9,2.516966e-01, 296.4986028, 1820.773253,
2017-05-03,G1,8.420000e-02,  85.4630000,  529.365400,
2017-05-03,G10,5.020000e-02,  50.9530000,  315.607400,
2017-05-03,G2,1.242000e-01, 126.0630000,  780.845400,
2017-05-03,G3,1.742000e-01, 176.8130000, 1095.195400,
2017-05-03,G4,1.402000e-01, 142.3030000,  881.437400,
2017-05-03,G5,1.082000e-01, 109.8230000,  680.253400,
2017-05-03,G6,2.000000e-04,   0.2030000,    1.257400,
2017-05-03,G7,1.620000e-02,  16.4430000,  101.849400,
2017-05-03,G8,2.562000e-01, 260.0430000, 1610.729400,5cc1715da2c36151699898d2
2017-05-03,G9,4.620000e-02,  46.8930000,  290.459400,
2017-05-05,G1,2.842742e-02,  31.8671371,  191.742944,
2017-05-05,G10,5.463710e-02,  61.2481855,  368.527218,
2017-05-05,G2,4.034274e-01, 452.2421371, 2721.117944,5cc16de0a2c36151699897fe
2017-05-05,G3,2.280242e-01, 255.6151210, 1538.023185,
2017-05-05,G4,1.433468e-01, 160.6917339,  966.873992,
2017-05-05,G5,2.016129e-04,   0.2260081,    1.359879,
2017-05-05,G6,5.262097e-02,  58.9881048,  354.928427,
2017-05-05,G7,4.233871e-03,   4.7461694,   28.557460,
2017-05-05,G8,2.016129e-04,   0.2260081,    1.359879,
2017-05-05,G9,8.487903e-02,  95.1493952,  572.509073,
2017-05-17,G1,2.624672e-04,   0.2228346,    1.393438,
2017-05-17,G10,2.624672e-04,   0.2228346,    1.393438,
2017-05-17,G2,2.624672e-04,   0.2228346,    1.393438,
2017-05-17,G3,7.112861e-02,  60.3881890,  377.621785,
2017-05-17,G4,2.624672e-04,   0.2228346,    1.393438,
2017-05-17,G5,9.212598e-02,  78.2149606,  489.096850,
2017-05-17,G6,5.511811e-03,   4.6795276,   29.262205,
2017-05-17,G7,4.858268e-01, 412.4669291, 2579.254331,5cc16d04a2c36151699897be
2017-05-17,G8,2.125984e-02,  18.0496063,  112.868504,
2017-05-17,G9,3.230971e-01, 274.3094488, 1715.322572,
2017-06-01,G1,1.057741e-01,  46.7882162,  280.856186,
2017-06-01,G10,7.575059e-02,  29.7509321,  177.996492,
2017-06-01,G2,1.259207e-01, 118.2424287,  719.594281,
2017-06-01,G3,9.206567e-04,   0.4924287,    2.969281,
2017-06-01,G4,9.206567e-04,   0.4924287,    2.969281,
2017-06-01,G5,1.053604e-02,   9.5501210,   58.094281,
2017-06-01,G6,9.206567e-04,   0.4924287,    2.969281,
2017-06-01,G7,1.165592e+00, 734.0280776, 4440.453550,5cc16d70a2c36151699897e2 5cc16cdaa2c36151699897bc
2017-06-01,G8,3.493426e-02,  13.7917484,   82.527105,
2017-06-01,G9,4.787300e-01, 379.3711898, 2303.570259,
2017-06-12,G1,6.582255e-01, 862.2754159, 4835.324584,5cc16889a2c36151699896bc
2017-06-12,G10,8.336414e-02, 109.2070240,  612.392976,
2017-06-12,G2,1.848429e-04,   0.2421442,    1.357856,
2017-06-12,G3,1.848429e-04,   0.2421442,    1.357856,
2017-06-12,G4,1.848429e-04,   0.2421442,    1.357856,
2017-06-12,G5,1.848429e-04,   0.2421442,    1.357856,
2017-06-12,G6,2.053604e-01, 269.0221811, 1508.577819,
2017-06-12,G7,1.848429e-04,   0.2421442,    1.357856,
2017-06-12,G8,1.848429e-04,   0.2421442,    1.357856,
2017-06-12,G9,5.194085e-02,  68.0425139,  381.557486,
2017-06-29,G1,2.785515e-04,   0.2211699,    1.414763,
2017-06-29,G10,3.064067e-03,   2.4328691,   15.562396,
2017-06-29,G2,1.005571e-01,  79.8423398,  510.729526,
2017-06-29,G3,6.576602e-01, 522.1821727, 3340.255989,5cc169afa2c36151699896f8
2017-06-29,G4,2.785515e-04,   0.2211699,    1.414763,
2017-06-29,G5,1.977716e-02,  15.7030641,  100.448189,
2017-06-29,G6,2.785515e-04,   0.2211699,    1.414763,
2017-06-29,G7,2.175487e-01, 172.7337047, 1104.930084,
2017-06-29,G8,2.785515e-04,   0.2211699,    1.414763,
2017-06-29,G9,2.785515e-04,   0.2211699,    1.414763,
2017-09-07,G1,3.471092e-01, 338.7785867, 2134.721627,5cc1642fa2c36151699895c7
2017-09-07,G10,4.496788e-03,   4.3888651,   27.655246,
2017-09-07,G2,1.244111e-01, 121.4252677,  765.128480,
2017-09-07,G3,2.057816e-01, 200.8428266, 1265.556745,
2017-09-07,G4,2.141328e-04,   0.2089936,    1.316916,
2017-09-07,G5,2.141328e-04,   0.2089936,    1.316916,
2017-09-07,G6,1.843683e-01, 179.9434690, 1133.865096,
2017-09-07,G7,1.948608e-02,  19.0184154,  119.839400,
2017-09-07,G8,2.141328e-04,   0.2089936,    1.316916,
2017-09-07,G9,1.137045e-01, 110.9755889,  699.282655,
2017-09-09,G1,3.649635e-04,   0.2091241,    1.256569,
2017-09-09,G10,4.014599e-03,   2.3003650,   13.822263,
2017-09-09,G2,3.649635e-04,   0.2091241,    1.256569,
2017-09-09,G3,3.649635e-04,   0.2091241,    1.256569,
2017-09-09,G4,7.120438e-01, 408.0010949, 2451.566788,5cc16446a2c36151699895d1
2017-09-09,G5,3.649635e-04,   0.2091241,    1.256569,
2017-09-09,G6,4.781022e-02,  27.3952555,  164.610584,
2017-09-09,G7,8.430657e-02,  48.3076642,  290.267518,
2017-09-09,G8,9.890511e-02,  56.6726277,  340.530292,
2017-09-09,G9,5.145985e-02,  29.4864964,  177.176277,
2017-09-20,G1,3.137931e-01,  28.8689655,  174.468966,5cc164fda2c36151699895fe
2017-09-20,G10,2.448276e-01,  22.5241379,  136.124138,
2017-09-20,G2,3.448276e-03,   0.3172414,    1.917241,
2017-09-20,G3,3.448276e-03,   0.3172414,    1.917241,
2017-09-20,G4,2.793103e-01,  25.6965517,  155.296552,
2017-09-20,G5,3.793103e-02,   3.4896552,   21.089655,
2017-09-20,G6,3.448276e-03,   0.3172414,    1.917241,
2017-09-20,G7,3.448276e-03,   0.3172414,    1.917241,
2017-09-20,G8,1.068966e-01,   9.8344828,   59.434483,
2017-09-20,G9,3.448276e-03,   0.3172414,    1.917241,
2017-09-26,G1,1.620746e-04,   0.2126418,    1.306645,
2017-09-26,G10,6.095624e-01, 799.7458671, 4914.292058,5cc16568a2c3615169989617
2017-09-26,G2,8.265802e-03,  10.8447326,   66.638898,
2017-09-26,G3,1.620746e-04,   0.2126418,    1.306645,
2017-09-26,G4,2.465154e-01, 323.4282010, 1987.407131,
2017-09-26,G5,3.403566e-03,   4.4654781,   27.439546,
2017-09-26,G6,7.147488e-02,  93.7750405,  576.230470,
2017-09-26,G7,6.012966e-02,  78.8901135,  484.765316,
2017-09-26,G8,1.620746e-04,   0.2126418,    1.306645,
2017-09-26,G9,1.620746e-04,   0.2126418,    1.306645,
2017-09-27,G1,1.680672e-04,   0.2413445,    1.431261,
2017-09-27,G10,1.312605e-01, 188.4900840, 1117.814454,
2017-09-27,G2,7.915966e-02, 113.6732773,  674.123697,
2017-09-27,G3,1.680672e-04,   0.2413445,    1.431261,
2017-09-27,G4,4.405042e-01, 632.5640336, 3751.333782,5cc16577a2c361516998961d
2017-09-27,G5,6.571429e-02,  94.3657143,  559.622857,
2017-09-27,G6,2.001681e-01, 287.4413445, 1704.631261,
2017-09-27,G7,8.252101e-02, 118.5001681,  702.748908,
2017-09-27,G8,1.680672e-04,   0.2413445,    1.431261,
2017-09-27,G9,1.680672e-04,   0.2413445,    1.431261,
2017-10-03,G1,1.552795e-04,   0.2170807,    1.338975,
2017-10-03,G10,1.257764e-02,  17.5835404,  108.456988,
2017-10-03,G2,4.163043e-01, 581.9934783, 3589.792391,5cc165c9a2c361516998962b
2017-10-03,G3,1.709627e-01, 239.0059006, 1474.211646,
2017-10-03,G4,3.260870e-03,   4.5586957,   28.118478,
2017-10-03,G5,2.190994e-01, 306.3009317, 1889.293944,
2017-10-03,G6,1.552795e-04,   0.2170807,    1.338975,
2017-10-03,G7,1.771739e-01, 247.6891304, 1527.770652,
2017-10-03,G8,1.552795e-04,   0.2170807,    1.338975,
2017-10-03,G9,1.552795e-04,   0.2170807,    1.338975,
2017-10-31,G1,3.234884e-01, 311.5193023, 1883.025814,5cc07350a2c3613145ed8a8f
2017-10-31,G10,3.046512e-02,  29.3379070,  177.337442,
2017-10-31,G2,1.186047e-02,  11.4216279,   69.039767,
2017-10-31,G3,2.325581e-04,   0.2239535,    1.353721,
2017-10-31,G4,6.767442e-02,  65.1704651,  393.932791,
2017-10-31,G5,2.325581e-04,   0.2239535,    1.353721,
2017-10-31,G6,2.932558e-01, 282.4053488, 1707.042093,
2017-10-31,G7,2.397674e-01, 230.8960465, 1395.686279,
2017-10-31,G8,3.279070e-02,  31.5774419,  190.874651,
2017-10-31,G9,2.325581e-04,   0.2239535,    1.353721,
2017-11-18,G1,2.429047e-01, 498.6832594, 2910.969401,
2017-11-18,G10,1.719512e-01, 353.0158537, 2060.663415,
2017-11-18,G2,1.108647e-04,   0.2276053,    1.328603,
2017-11-18,G3,1.108647e-04,   0.2276053,    1.328603,
2017-11-18,G4,3.936807e-01, 808.2264967, 4717.869623,5cc0861ca2c3613145ed90c3
2017-11-18,G5,5.000000e-02, 102.6500000,  599.200000,
2017-11-18,G6,1.087583e-01, 223.2808204, 1303.359645,
2017-11-18,G7,8.980044e-03,  18.4360310,  107.616851,
2017-11-18,G8,2.117517e-02,  43.4726164,  253.763193,
2017-11-18,G9,2.328160e-03,   4.7797118,   27.900665,
2017-12-14,G1,2.967359e-04,   0.2403561,    1.423145,
2017-12-14,G10,2.228487e-01, 180.5074184, 1068.782196,
2017-12-14,G2,3.445104e-01, 279.0534125, 1652.271810,5cc08174a2c3613145ed8f74
2017-12-14,G3,1.456973e-01, 118.0148368,  698.764392,
2017-12-14,G4,2.967359e-04,   0.2403561,    1.423145,
2017-12-14,G5,2.967359e-04,   0.2403561,    1.423145,
2017-12-14,G6,5.667656e-02,  45.9080119,  271.820772,
2017-12-14,G7,2.967359e-04,   0.2403561,    1.423145,
2017-12-14,G8,2.287834e-01, 185.3145401, 1097.245104,
2017-12-14,G9,2.967359e-04,   0.2403561,    1.423145,
2017-12-18,G1,2.544529e-04,   0.2061069,    1.285242,
2017-12-18,G10,2.544529e-04,   0.2061069,    1.285242,
2017-12-18,G2,1.045802e-01,  84.7099237,  528.234351,
2017-12-18,G3,6.338422e-01, 513.4122137, 3201.537150,5cc0817fa2c3613145ed8f7a
2017-12-18,G4,2.798982e-03,   2.2671756,   14.137659,
2017-12-18,G5,2.544529e-04,   0.2061069,    1.285242,
2017-12-18,G6,2.544529e-04,   0.2061069,    1.285242,
2017-12-18,G7,1.223919e-01,  99.1374046,  618.201272,
2017-12-18,G8,1.071247e-01,  86.7709924,  541.086768,
2017-12-18,G9,2.824427e-02,  22.8778626,  142.661832,
2017-12-19,G1,2.840909e-04,   0.2107955,    1.375852,
2017-12-19,G10,2.840909e-04,   0.2107955,    1.375852,
2017-12-19,G2,3.610795e-01, 267.9210227, 1748.708239,
2017-12-19,G3,2.840909e-04,   0.2107955,    1.375852,
2017-12-19,G4,2.840909e-04,   0.2107955,    1.375852,
2017-12-19,G5,6.366477e-01, 472.3926136, 3083.284943,5cc081a1a2c3613145ed8f7d
2017-12-19,G6,2.840909e-04,   0.2107955,    1.375852,
2017-12-19,G7,2.840909e-04,   0.2107955,    1.375852,
2017-12-19,G8,2.840909e-04,   0.2107955,    1.375852,
2017-12-19,G9,2.840909e-04,   0.2107955,    1.375852,
2017-12-25,G1,4.529281e-02, 111.4656042,  692.210007,
2017-12-25,G10,2.550778e-01, 627.7465530, 3898.354559,
2017-12-25,G2,7.412898e-05,   0.1824314,    1.132913,
2017-12-25,G3,3.343217e-02,  82.2765752,  510.943884,
2017-12-25,G4,6.011861e-02, 147.9518903,  918.792661,
2017-12-25,G5,1.556709e-03,   3.8310600,   23.791179,
2017-12-25,G6,7.412898e-05,   0.1824314,    1.132913,
2017-12-25,G7,3.803558e-01, 936.0556709, 5812.977984,5cc0809aa2c3613145ed8f38
2017-12-25,G8,1.216457e-01, 299.3699778, 1859.110675,
2017-12-25,G9,1.023721e-01, 251.9378058, 1564.553225,
2018-02-13,G1,6.238095e-01, 291.3190476, 1752.904762,5cc08341a2c3613145ed8ff3
2018-02-13,G10,4.329004e-04,   0.2021645,    1.216450,
2018-02-13,G2,4.329004e-04,   0.2021645,    1.216450,
2018-02-13,G3,2.207792e-02,  10.3103896,   62.038961,
2018-02-13,G4,4.329004e-04,   0.2021645,    1.216450,
2018-02-13,G5,4.329004e-04,   0.2021645,    1.216450,
2018-02-13,G6,3.510823e-01, 163.9554113,  986.541126,
2018-02-13,G7,4.329004e-04,   0.2021645,    1.216450,
2018-02-13,G8,4.329004e-04,   0.2021645,    1.216450,
2018-02-13,G9,4.329004e-04,   0.2021645,    1.216450,
2018-03-23,G1,2.164502e-04,   0.2038961,    1.300649,
2018-03-23,G10,2.164502e-04,   0.2038961,    1.300649,
2018-03-23,G2,2.164502e-04,   0.2038961,    1.300649,
2018-03-23,G3,1.192641e-01, 112.3467532,  716.657792,
2018-03-23,G4,2.164502e-04,   0.2038961,    1.300649,
2018-03-23,G5,2.164502e-04,   0.2038961,    1.300649,
2018-03-23,G6,4.677489e-01, 440.6194805, 2810.703247,5cc0845ea2c3613145ed9041
2018-03-23,G7,2.380952e-03,   2.2428571,   14.307143,
2018-03-23,G8,2.164502e-04,   0.2038961,    1.300649,
2018-03-23,G9,4.093074e-01, 385.5675325, 2459.527922,
2018-03-26,G1,8.419355e-02,  61.6296774,  365.063226,
2018-03-26,G10,4.548387e-02,  33.2941935,  197.218065,
2018-03-26,G2,7.132258e-01, 522.0812903, 3092.547097,5cc0846aa2c3613145ed9047
2018-03-26,G3,3.225806e-04,   0.2361290,    1.398710,
2018-03-26,G4,3.225806e-04,   0.2361290,    1.398710,
2018-03-26,G5,3.225806e-04,   0.2361290,    1.398710,
2018-03-26,G6,1.551613e-01, 113.5780645,  672.779355,
2018-03-26,G7,3.225806e-04,   0.2361290,    1.398710,
2018-03-26,G8,3.225806e-04,   0.2361290,    1.398710,
2018-03-26,G9,3.225806e-04,   0.2361290,    1.398710,
2018-03-30,G1,4.313725e-03,   2.8945098,   16.124706,
2018-03-30,G10,3.298039e-01, 221.2984314, 1232.807059,5cc08494a2c3613145ed9054
2018-03-30,G2,3.921569e-04,   0.2631373,    1.465882,
2018-03-30,G3,2.749020e-01, 184.4592157, 1027.583529,
2018-03-30,G4,2.392157e-02,  16.0513725,   89.418824,
2018-03-30,G5,3.921569e-04,   0.2631373,    1.465882,
2018-03-30,G6,4.313725e-03,   2.8945098,   16.124706,
2018-03-30,G7,2.392157e-02,  16.0513725,   89.418824,
2018-03-30,G8,3.062745e-01, 205.5101961, 1144.854118,
2018-03-30,G9,3.176471e-02,  21.3141176,  118.736471,
2018-04-16,G1,2.375297e-04,   0.2083135,    1.337292,
2018-04-16,G10,2.375297e-04,   0.2083135,    1.337292,
2018-04-16,G2,1.095012e-01,  96.0325416,  616.491686,
2018-04-16,G3,4.988124e-03,   4.3745843,   28.083135,
2018-04-16,G4,2.375297e-04,   0.2083135,    1.337292,
2018-04-16,G5,8.529691e-01, 748.0539192, 4802.216152,5cc08506a2c3613145ed9074
2018-04-16,G6,2.874109e-02,  25.2059382,  161.812352,
2018-04-16,G7,2.612827e-03,   2.2914489,   14.710214,
2018-04-16,G8,2.375297e-04,   0.2083135,    1.337292,
2018-04-16,G9,2.375297e-04,   0.2083135,    1.337292,
2018-05-21,G1,3.536977e-03,   2.4617363,   14.858842,
2018-05-21,G10,4.504823e-01, 313.5356913, 1892.476206,5cc07e22a2c3613145ed8e59
2018-05-21,G2,3.536977e-03,   2.4617363,   14.858842,
2018-05-21,G3,3.215434e-04,   0.2237942,    1.350804,
2018-05-21,G4,3.215434e-04,   0.2237942,    1.350804,
2018-05-21,G5,3.536977e-03,   2.4617363,   14.858842,
2018-05-21,G6,1.192926e-01,  83.0276527,  501.148232,
2018-05-21,G7,3.347267e-01, 232.9697749, 1406.186817,
2018-05-21,G8,8.392283e-02,  58.4102894,  352.559807,
2018-05-21,G9,3.215434e-04,   0.2237942,    1.350804,
2018-05-30,G1,1.686341e-04,   0.2011804,    1.292074,
2018-05-30,G10,1.854975e-03,   2.2129848,   14.212816,
2018-05-30,G2,8.279933e-02,  98.7795953,  634.408432,
2018-05-30,G3,3.812816e-01, 454.8689713, 2921.379764,5cc07e5ba2c3613145ed8e6c
2018-05-30,G4,3.239460e-01, 386.4676223, 2482.074536,
2018-05-30,G5,5.750422e-02,  68.6025295,  440.597302,
2018-05-30,G6,5.075885e-02,  60.5553120,  388.914334,
2018-05-30,G7,1.013491e-01, 120.9094435,  776.536594,
2018-05-30,G8,1.686341e-04,   0.2011804,    1.292074,
2018-05-30,G9,1.686341e-04,   0.2011804,    1.292074,
2018-06-01,G1,5.154639e-04,   0.2860825,    1.692784,
2018-06-01,G10,5.154639e-04,   0.2860825,    1.692784,
2018-06-01,G2,8.814433e-02,  48.9201031,  289.465979,
2018-06-01,G3,5.154639e-04,   0.2860825,    1.692784,
2018-06-01,G4,5.154639e-04,   0.2860825,    1.692784,
2018-06-01,G5,5.154639e-04,   0.2860825,    1.692784,
2018-06-01,G6,6.237113e-02,  34.6159794,  204.826804,
2018-06-01,G7,7.840206e-01, 435.1314433, 2574.723711,5cc07d8ba2c3613145ed8e24
2018-06-01,G8,5.154639e-04,   0.2860825,    1.692784,
2018-06-01,G9,6.237113e-02,  34.6159794,  204.826804,
2018-06-06,G1,9.112760e-01, 657.9412463, 3932.155786,5cc07e9ba2c3613145ed8e81
2018-06-06,G10,9.198813e-03,   6.6415430,   39.692878,
2018-06-06,G2,2.967359e-04,   0.2142433,    1.280415,
2018-06-06,G3,2.967359e-04,   0.2142433,    1.280415,
2018-06-06,G4,3.264095e-03,   2.3566766,   14.084570,
2018-06-06,G5,1.810089e-02,  13.0688427,   78.105341,
2018-06-06,G6,2.967359e-04,   0.2142433,    1.280415,
2018-06-06,G7,2.967359e-04,   0.2142433,    1.280415,
2018-06-06,G8,2.967359e-04,   0.2142433,    1.280415,
2018-06-06,G9,5.667656e-02,  40.9204748,  244.559347,
2018-06-21,G1,4.340102e-02,  36.8474619,  221.345178,
2018-06-21,G10,2.286802e-01, 194.1494924, 1166.269036,
2018-06-21,G2,2.895939e-01, 245.8652284, 1476.928934,5cc06ed9a2c3613145ed898c
2018-06-21,G3,2.007614e-01, 170.4464467, 1023.883249,
2018-06-21,G4,2.538071e-04,   0.2154822,    1.294416,
2018-06-21,G5,2.538071e-04,   0.2154822,    1.294416,
2018-06-21,G6,2.791878e-03,   2.3703046,   14.238579,
2018-06-21,G7,2.055838e-02,  17.4540609,  104.847716,
2018-06-21,G8,7.868020e-03,   6.6799492,   40.126904,
2018-06-21,G9,2.058376e-01, 174.7560914, 1049.771574,
2018-07-05,G1,8.985507e-03,   6.0562319,   37.963768,
2018-07-05,G10,2.898551e-04,   0.1953623,    1.224638,
2018-07-05,G2,1.915942e-01, 129.1344928,  809.485507,
2018-07-05,G3,2.898551e-04,   0.1953623,    1.224638,
2018-07-05,G4,2.898551e-04,   0.1953623,    1.224638,
2018-07-05,G5,7.713043e-01, 519.8591304, 3258.760870,5cc06daca2c3613145ed8969
2018-07-05,G6,2.898551e-04,   0.1953623,    1.224638,
2018-07-05,G7,2.637681e-02,  17.7779710,  111.442029,
2018-07-05,G8,2.898551e-04,   0.1953623,    1.224638,
2018-07-05,G9,2.898551e-04,   0.1953623,    1.224638,
2018-07-09,G1,3.246753e-04,   0.2243506,    1.433442,
2018-07-09,G10,1.983766e-01, 137.0782468,  875.832792,
2018-07-09,G2,3.246753e-04,   0.2243506,    1.433442,
2018-07-09,G3,1.655844e-02,  11.4418831,   73.105519,
2018-07-09,G4,3.246753e-04,   0.2243506,    1.433442,
2018-07-09,G5,3.246753e-04,   0.2243506,    1.433442,
2018-07-09,G6,3.246753e-04,   0.2243506,    1.433442,
2018-07-09,G7,4.386364e-01, 303.0977273, 1936.579545,5cc06feea2c3613145ed89b2
2018-07-09,G8,2.470779e-01, 170.7308442, 1090.849026,
2018-07-09,G9,9.772727e-02,  67.5295455,  431.465909,
2018-07-14,G1,3.113333e-01, 334.6833333, 1868.311333,
2018-07-14,G10,4.424444e-01, 475.6277778, 2655.109111,5cc07049a2c3613145ed89bb
2018-07-14,G2,2.222222e-04,   0.2388889,    1.333556,
2018-07-14,G3,1.577778e-02,  16.9611111,   94.682444,
2018-07-14,G4,1.313333e-01, 141.1833333,  788.131333,
2018-07-14,G5,2.222222e-04,   0.2388889,    1.333556,
2018-07-14,G6,2.444444e-03,   2.6277778,   14.669111,
2018-07-14,G7,2.222222e-04,   0.2388889,    1.333556,
2018-07-14,G8,7.800000e-02,  83.8500000,  468.078000,
2018-07-14,G9,1.800000e-02,  19.3500000,  108.018000,
2018-08-02,G1,6.277778e-01, 433.7944444, 2589.583333,5cc07156a2c3613145ed89f1
2018-08-02,G10,3.594771e-03,   2.4839869,   14.828431,
2018-08-02,G2,3.267974e-04,   0.2258170,    1.348039,
2018-08-02,G3,6.568627e-02,  45.3892157,  270.955882,
2018-08-02,G4,1.506536e-01, 104.1016340,  621.446078,
2018-08-02,G5,3.267974e-04,   0.2258170,    1.348039,
2018-08-02,G6,1.114379e-01,  77.0035948,  459.681373,
2018-08-02,G7,3.267974e-04,   0.2258170,    1.348039,
2018-08-02,G8,3.267974e-04,   0.2258170,    1.348039,
2018-08-02,G9,3.954248e-02,  27.3238562,  163.112745,
2018-09-07,G1,3.584229e-04,   0.2132616,    1.325448,
2018-09-07,G10,3.584229e-04,   0.2132616,    1.325448,
2018-09-07,G2,2.906810e-01, 172.9551971, 1074.938351,
2018-09-07,G3,3.584229e-04,   0.2132616,    1.325448,
2018-09-07,G4,3.942652e-03,   2.3458781,   14.579928,
2018-09-07,G5,6.025090e-01, 358.4928315, 2228.078136,5cc072bfa2c3613145ed8a62
2018-09-07,G6,3.584229e-04,   0.2132616,    1.325448,
2018-09-07,G7,1.007168e-01,  59.9265233,  372.450896,
2018-09-07,G8,3.584229e-04,   0.2132616,    1.325448,
2018-09-07,G9,3.584229e-04,   0.2132616,    1.325448,
2018-09-10,G1,3.237372e-01, 160.8230950,  966.054195,
2018-09-10,G10,4.056079e-02,  47.5061002,  297.308476,
2018-09-10,G2,6.660245e-02,  78.2092252,  489.495976,
2018-09-10,G3,1.671304e-01, 102.2111515,  622.351284,
2018-09-10,G4,4.774424e-01, 244.3703981, 1471.056764,5cc072d7a2c3613145ed8a6e
2018-09-10,G5,9.310788e-03,  10.6623502,   66.683476,
2018-09-10,G6,2.907035e-01, 292.0133776, 1818.539640,
2018-09-10,G7,1.451912e-02,  16.8029752,  105.120976,
2018-09-10,G8,6.302321e-04,   0.4279752,    2.620976,
2018-09-10,G9,6.093631e-01, 714.9733519, 4474.768236,5cc072d3a2c3613145ed8a6c
2018-09-11,G1,2.380952e-04,   0.2595238,    1.470952,
2018-09-11,G10,4.716667e-01, 514.1166667, 2913.956667,5cc06d80a2c3613145ed8960
2018-09-11,G2,3.357143e-02,  36.5928571,  207.404286,
2018-09-11,G3,3.383333e-01, 368.7833333, 2090.223333,
2018-09-11,G4,5.000000e-03,   5.4500000,   30.890000,
2018-09-11,G5,1.383333e-01, 150.7833333,  854.623333,
2018-09-11,G6,2.380952e-04,   0.2595238,    1.470952,
2018-09-11,G7,1.214286e-02,  13.2357143,   75.018571,
2018-09-11,G8,2.380952e-04,   0.2595238,    1.470952,
2018-09-11,G9,2.380952e-04,   0.2595238,    1.470952,
2018-10-06,G1,1.453515e-01, 167.5902494,  987.663265,
2018-10-06,G10,1.609977e-02,  18.5630385,  109.397959,
2018-10-06,G2,2.494331e-03,   2.8759637,   16.948980,
2018-10-06,G3,2.267574e-04,   0.2614512,    1.540816,
2018-10-06,G4,5.918367e-02,  68.2387755,  402.153061,
2018-10-06,G5,2.494331e-03,   2.8759637,   16.948980,
2018-10-06,G6,6.464853e-01, 745.3975057, 4392.867347,5cc07f82a2c3613145ed8ed0
2018-10-06,G7,1.249433e-01, 144.0596372,  848.989796,
2018-10-06,G8,2.267574e-04,   0.2614512,    1.540816,
2018-10-06,G9,2.494331e-03,   2.8759637,   16.948980,
2018-10-15,G1,1.465605e-02,  11.5653276,   71.732117,
2018-10-15,G10,7.710961e-01, 644.7213595, 3883.077942,5cc08025a2c3613145ed8f14
2018-10-15,G2,2.371913e-01, 186.7005389, 1159.484229,
2018-10-15,G3,1.360278e-01, 108.0152970,  667.797028,
2018-10-15,G4,1.465605e-02,  11.5653276,   71.732117,
2018-10-15,G5,5.715452e-04,   0.4808206,    2.887046,
2018-10-15,G6,2.608696e-02,  21.1817391,  129.473043,
2018-10-15,G7,1.523984e-01, 129.5830863,  773.950284,
2018-10-15,G8,1.019800e-01,  80.2892713,  498.571553,
2018-10-15,G9,5.453358e-01, 486.8972321, 2839.294640,5cc08023a2c3613145ed8f12
2018-10-17,G1,3.606557e-03,   2.5065574,   15.421639,
2018-10-17,G10,8.229508e-02,  57.1950820,  351.893770,
2018-10-17,G2,6.495082e-01, 451.4081967, 2777.297049,5cc07b51a2c3613145ed8d54
2018-10-17,G3,9.213115e-02,  64.0311475,  393.952787,
2018-10-17,G4,3.606557e-03,   2.5065574,   15.421639,
2018-10-17,G5,3.278689e-04,   0.2278689,    1.401967,
2018-10-17,G6,1.085246e-01,  75.4245902,  464.051148,
2018-10-17,G7,5.934426e-02,  41.2442623,  253.756066,
2018-10-17,G8,3.278689e-04,   0.2278689,    1.401967,
2018-10-17,G9,3.278689e-04,   0.2278689,    1.401967,
2018-10-19,G1,2.169197e-04,   0.2327549,    1.405857,
2018-10-19,G10,1.433839e-01, 153.8509761,  929.271367,
2018-10-19,G2,2.169197e-04,   0.2327549,    1.405857,
2018-10-19,G3,2.169197e-04,   0.2327549,    1.405857,
2018-10-19,G4,4.577007e-02,  49.1112798,  296.635792,
2018-10-19,G5,6.379610e-01, 684.5321041, 4134.624946,5cc07b5ca2c3613145ed8d5b
2018-10-19,G6,2.386117e-03,   2.5603037,   15.464425,
2018-10-19,G7,6.312364e-02,  67.7316703,  409.104338,
2018-10-19,G8,9.349241e-02, 100.3173536,  605.924295,
2018-10-19,G9,1.323210e-02,  14.1980477,   85.757267,
2018-12-05,G1,1.119481e-01, 101.8727273,  617.953247,
2018-12-05,G10,2.103896e-02,  19.1454545,  116.135065,
2018-12-05,G2,2.833766e-01, 257.8727273, 1564.238961,
2018-12-05,G3,2.597403e-04,   0.2363636,    1.433766,
2018-12-05,G4,2.597403e-04,   0.2363636,    1.433766,
2018-12-05,G5,2.597403e-04,   0.2363636,    1.433766,
2018-12-05,G6,2.184416e-01, 198.7818182, 1205.797403,
2018-12-05,G7,2.597403e-04,   0.2363636,    1.433766,
2018-12-05,G8,2.597403e-04,   0.2363636,    1.433766,
2018-12-05,G9,3.638961e-01, 331.1454545, 2008.706494,5cc07915a2c3613145ed8c6b
2018-12-08,G1,3.344482e-04,   0.2180602,    1.312040,
2018-12-08,G10,2.712375e-01, 176.8468227, 1064.064548,5cc07930a2c3613145ed8c7a
2018-12-08,G2,7.023411e-03,   4.5792642,   27.552843,
2018-12-08,G3,1.709030e-01, 111.4287625,  670.452508,
2018-12-08,G4,3.344482e-04,   0.2180602,    1.312040,
2018-12-08,G5,7.391304e-02,  48.1913043,  289.960870,
2018-12-08,G6,4.381271e-02,  28.5658863,  171.877258,
2018-12-08,G7,1.742475e-01, 113.6093645,  683.572910,
2018-12-08,G8,2.143813e-01, 139.7765886,  841.017726,
2018-12-08,G9,4.381271e-02,  28.5658863,  171.877258,
2018-12-17,G1,7.752920e-04,   0.4504531,    2.792523,
2018-12-17,G10,5.584776e-02,  43.5171197,  268.847595,
2018-12-17,G2,1.543985e-01, 120.5837864,  744.946146,
2018-12-17,G3,2.208963e-01, 119.6044984,  742.206819,
2018-12-17,G4,2.019277e-02,   9.4019094,   58.481843,
2018-12-17,G5,7.752920e-04,   0.4504531,    2.792523,
2018-12-17,G6,1.782904e-01,  92.5197087,  574.494310,
2018-12-17,G7,9.063895e-01, 624.4951133, 3863.241826,5cc079bda2c3613145ed8cb4
2018-12-17,G8,1.169987e-01,  72.6381553,  449.918455,
2018-12-17,G9,3.454355e-01, 159.3388026,  991.277960,5cc079bba2c3613145ed8cb3
2018-12-20,G1,1.919386e-04,   0.2310940,    1.355470,
2018-12-20,G10,4.435701e-01, 534.0583493, 3132.491747,5cc079cfa2c3613145ed8cbe
2018-12-20,G2,9.616123e-02, 115.7781190,  679.090595,
2018-12-20,G3,7.312860e-02,  88.0468330,  516.434165,
2018-12-20,G4,2.111324e-03,   2.5420345,   14.910173,
2018-12-20,G5,7.869482e-03,   9.4748560,   55.574280,
2018-12-20,G6,2.111324e-03,   2.5420345,   14.910173,
2018-12-20,G7,3.264875e-01, 393.0909789, 2305.654894,
2018-12-20,G8,1.919386e-04,   0.2310940,    1.355470,
2018-12-20,G9,4.817658e-02,  58.0046065,  340.223033,
2018-12-28,G1,3.584229e-04,   0.2247312,    1.369176,
2018-12-28,G10,2.333333e-01, 146.3000000,  891.333333,
2018-12-28,G2,2.763441e-01, 173.2677419, 1055.634409,5cc079fba2c3613145ed8cd1
2018-12-28,G3,3.942652e-03,   2.4720430,   15.060932,
2018-12-28,G4,1.111111e-02,   6.9666667,   42.444444,
2018-12-28,G5,3.584229e-04,   0.2247312,    1.369176,
2018-12-28,G6,7.921147e-02,  49.6655914,  302.587814,
2018-12-28,G7,1.329749e-01,  83.3752688,  507.964158,
2018-12-28,G8,2.584229e-01, 162.0311828,  987.175627,
2018-12-28,G9,3.942652e-03,   2.4720430,   15.060932,
2019-01-15,G1,6.536797e-02,  32.6839827,  196.692208,
2019-01-15,G10,4.329004e-04,   0.2164502,    1.302597,
2019-01-15,G2,4.329004e-04,   0.2164502,    1.302597,
2019-01-15,G3,4.329004e-04,   0.2164502,    1.302597,
2019-01-15,G4,2.688312e-01, 134.4155844,  808.912987,
2019-01-15,G5,4.246753e-01, 212.3376623, 1277.848052,5cc07a62a2c3613145ed8cfa
2019-01-15,G6,4.329004e-04,   0.2164502,    1.302597,
2019-01-15,G7,2.341991e-01, 117.0995671,  704.705195,
2019-01-15,G8,4.761905e-03,   2.3809524,   14.328571,
2019-01-15,G9,4.329004e-04,   0.2164502,    1.302597,
2019-02-15,G1,2.392344e-04,   0.2413876,    1.466029,
2019-02-15,G10,5.456938e-01, 550.6050239, 3344.011483,5cc074c0a2c3613145ed8aeb
2019-02-15,G2,2.392344e-04,   0.2413876,    1.466029,
2019-02-15,G3,2.392344e-04,   0.2413876,    1.466029,
2019-02-15,G4,2.392344e-04,   0.2413876,    1.466029,
2019-02-15,G5,2.392344e-04,   0.2413876,    1.466029,
2019-02-15,G6,2.873206e-01, 289.9064593, 1760.700478,
2019-02-15,G7,2.392344e-04,   0.2413876,    1.466029,
2019-02-15,G8,2.392344e-04,   0.2413876,    1.466029,
2019-02-15,G9,1.653110e-01, 166.7988038, 1013.025837,
2019-02-21,G1,6.732543e-02, 126.8411067,  756.064559,
2019-02-21,G10,7.511199e-01,1415.1098814, 8435.076416,5cc0752aa2c3613145ed8b08
2019-02-21,G2,4.084321e-03,   7.6948617,   45.866930,
2019-02-21,G3,1.317523e-04,   0.2482213,    1.479578,
2019-02-21,G4,8.036891e-03,  15.1415020,   90.254282,
2019-02-21,G5,7.654809e-02, 144.2166008,  859.635046,
2019-02-21,G6,1.317523e-04,   0.2482213,    1.479578,
2019-02-21,G7,3.833992e-02,  72.2324111,  430.557312,
2019-02-21,G8,2.252964e-02,  42.4458498,  253.007905,
2019-02-21,G9,3.175231e-02,  59.8213439,  356.578393,
2019-02-25,G1,2.267574e-04,   0.2176871,    1.379592,
2019-02-25,G10,2.267574e-04,   0.2176871,    1.379592,
2019-02-25,G2,2.768707e-01, 265.7959184, 1684.481633,
2019-02-25,G3,1.609977e-02,  15.4557823,   97.951020,
2019-02-25,G4,2.267574e-04,   0.2176871,    1.379592,
2019-02-25,G5,6.419501e-01, 616.2721088, 3905.624490,5cc07555a2c3613145ed8b1b
2019-02-25,G6,2.267574e-04,   0.2176871,    1.379592,
2019-02-25,G7,6.371882e-02,  61.1700680,  387.665306,
2019-02-25,G8,2.267574e-04,   0.2176871,    1.379592,
2019-02-25,G9,2.267574e-04,   0.2176871,    1.379592,
2019-03-01,G1,1.592357e-04,   0.2410828,    1.448089,
2019-03-01,G10,2.485669e-01, 376.3302548, 2260.467197,
2019-03-01,G2,1.148089e-01, 173.8207006, 1044.072293,
2019-03-01,G3,1.592357e-04,   0.2410828,    1.448089,
2019-03-01,G4,1.592357e-04,   0.2410828,    1.448089,
2019-03-01,G5,6.339172e-01, 959.7506369, 5764.842994,5cc075cba2c3613145ed8b3f
2019-03-01,G6,1.592357e-04,   0.2410828,    1.448089,
2019-03-01,G7,1.751592e-03,   2.6519108,   15.928981,
2019-03-01,G8,1.592357e-04,   0.2410828,    1.448089,
2019-03-01,G9,1.592357e-04,   0.2410828,    1.448089,
2019-03-04,G1,5.388031e-01, 644.9472973, 3935.956564,5cc075d6a2c3613145ed8b44
2019-03-04,G10,2.528958e-02,  30.2716216,  184.740347,
2019-03-04,G2,4.054054e-03,   4.8527027,   29.614865,
2019-03-04,G3,1.930502e-04,   0.2310811,    1.410232,
2019-03-04,G4,3.631274e-01, 434.6635135, 2652.645753,
2019-03-04,G5,1.930502e-04,   0.2310811,    1.410232,
2019-03-04,G6,6.389961e-02,  76.4878378,  466.786680,
2019-03-04,G7,1.930502e-04,   0.2310811,    1.410232,
2019-03-04,G8,1.930502e-04,   0.2310811,    1.410232,
2019-03-04,G9,4.054054e-03,   4.8527027,   29.614865,
2019-03-05,G1,5.310056e-01, 415.7773743, 2555.729888,5cc07615a2c3613145ed8b50
2019-03-05,G10,2.793296e-04,   0.2187151,    1.344413,
2019-03-05,G2,2.793296e-04,   0.2187151,    1.344413,
2019-03-05,G3,8.128492e-02,  63.6460894,  391.224302,
2019-03-05,G4,2.405028e-01, 188.3136872, 1157.539944,
2019-03-05,G5,3.072626e-03,   2.4058659,   14.788547,
2019-03-05,G6,1.703911e-02,  13.3416201,   82.009218,
2019-03-05,G7,5.893855e-02,  46.1488827,  283.671229,
2019-03-05,G8,6.452514e-02,  50.5231844,  310.559497,
2019-03-05,G9,3.072626e-03,   2.4058659,   14.788547,
2019-03-13,G1,6.850343e-02,  39.6503280,  240.995066,
2019-03-13,G10,6.407004e-02,  36.8202349,  225.398385,
2019-03-13,G2,2.427838e-01, 135.2954767,  854.113240,
2019-03-13,G3,7.248749e-02,  41.9571009,  255.011003,
2019-03-13,G4,3.413669e-01, 187.1119402, 1200.928625,
2019-03-13,G5,9.558563e-01, 536.4539406, 3362.702372,5cc07696a2c3613145ed8b7a 5cc07686a2c3613145ed8b72
2019-03-13,G6,4.813378e-02,  27.5931432,  169.334640,
2019-03-13,G7,4.758410e-03,   2.7419615,   16.740086,
2019-03-13,G8,9.639188e-02,  55.7977384,  339.106620,
2019-03-13,G9,1.056481e-01,  59.5781356,  371.669961,
2019-03-18,G1,1.673629e-01, 151.6308094,  917.316188,
2019-03-18,G10,9.947781e-02,  90.1268930,  545.237859,
2019-03-18,G2,8.642298e-02,  78.2992167,  473.684334,
2019-03-18,G3,2.610966e-04,   0.2365535,    1.431070,
2019-03-18,G4,2.872063e-03,   2.6020888,   15.741775,
2019-03-18,G5,2.610966e-04,   0.2365535,    1.431070,
2019-03-18,G6,3.942559e-02,  35.7195822,  216.091645,
2019-03-18,G7,4.728460e-01, 428.3984334, 2591.668668,5cc07723a2c3613145ed8ba6
2019-03-18,G8,1.308094e-01, 118.5133159,  716.966319,
2019-03-18,G9,2.610966e-04,   0.2365535,    1.431070,
2019-03-25,G1,7.061856e-02,  85.8015464,  538.325258,
2019-03-25,G10,1.718213e-04,   0.2087629,    1.309794,
2019-03-25,G2,2.046392e-01, 248.6365979, 1559.964433,
2019-03-25,G3,7.920962e-02,  96.2396907,  603.814948,
2019-03-25,G4,5.809278e-01, 705.8273196, 4428.412887,5cc07792a2c3613145ed8bcd
2019-03-25,G5,1.718213e-04,   0.2087629,    1.309794,
2019-03-25,G6,3.109966e-02,  37.7860825,  237.072680,
2019-03-25,G7,3.281787e-02,  39.8737113,  250.170619,
2019-03-25,G8,1.718213e-04,   0.2087629,    1.309794,
2019-03-25,G9,1.718213e-04,   0.2087629,    1.309794,
2019-04-22,G1,9.163498e-02,  63.2281369,  365.531939,
2019-04-22,G10,2.779468e-01, 191.7832700, 1108.729658,
2019-04-22,G2,1.486692e-01, 102.5817490,  593.041445,
2019-04-22,G3,3.802281e-04,   0.2623574,    1.516730,
2019-04-22,G4,1.939163e-02,  13.3802281,   77.353232,
2019-04-22,G5,3.802281e-04,   0.2623574,    1.516730,
2019-04-22,G6,7.984791e-03,   5.5095057,   31.851331,
2019-04-22,G7,1.296578e-01,  89.4638783,  517.204943,
2019-04-22,G8,3.235741e-01, 223.2661597, 1290.737262,5cc04c9fa2c36117d7eb0f5a
2019-04-22,G9,3.802281e-04,   0.2623574,    1.516730,
