author,topic,doc_nb,word_nb,char_nb,doc_ids
Adam Vaughan,G1,8.028972e-04,   0.4434689,    2.752233,
Adam Vaughan,G10,5.159655e-02,  35.5926753,  220.352233,
Adam Vaughan,G2,1.436600e-01,  99.3006118,  614.752233,
Adam Vaughan,G3,3.055340e-01, 173.1911650, 1074.511456,
Adam Vaughan,G4,2.022037e-02,   9.3949253,   58.441553,
Adam Vaughan,G5,8.028972e-04,   0.4434689,    2.752233,
Adam Vaughan,G6,1.845292e-01,  93.9412960,  583.622136,
Adam Vaughan,G7,2.629388e-01, 121.2881291,  754.558058,
Adam Vaughan,G8,1.066744e-01,  60.2502188,  373.820194,
Adam Vaughan,G9,9.232409e-01, 559.1540407, 3466.437670,5cc17807a2c3615169989a39 5cc079bba2c3613145ed8cb3
Alice Bell,G1,2.967359e-04,   0.2403561,    1.423145,
Alice Bell,G10,2.228487e-01, 180.5074184, 1068.782196,
Alice Bell,G2,3.445104e-01, 279.0534125, 1652.271810,5cc08174a2c3613145ed8f74
Alice Bell,G3,1.456973e-01, 118.0148368,  698.764392,
Alice Bell,G4,2.967359e-04,   0.2403561,    1.423145,
Alice Bell,G5,2.967359e-04,   0.2403561,    1.423145,
Alice Bell,G6,5.667656e-02,  45.9080119,  271.820772,
Alice Bell,G7,2.967359e-04,   0.2403561,    1.423145,
Alice Bell,G8,2.287834e-01, 185.3145401, 1097.245104,
Alice Bell,G9,2.967359e-04,   0.2403561,    1.423145,
Amy Hall,G1,3.343465e-03,   2.7215805,   15.523708,
Amy Hall,G10,8.541033e-02,  69.5240122,  396.560182,
Amy Hall,G2,4.167173e-01, 339.2079027, 1934.818541,
Amy Hall,G3,4.288754e-01, 349.1045593, 1991.268389,5cc17caba2c3615169989b6e
Amy Hall,G4,3.039514e-04,   0.2474164,    1.411246,
Amy Hall,G5,6.382979e-03,   5.1957447,   29.636170,
Amy Hall,G6,3.039514e-04,   0.2474164,    1.411246,
Amy Hall,G7,3.039514e-04,   0.2474164,    1.411246,
Amy Hall,G8,5.805471e-02,  47.2565350,  269.548024,
Amy Hall,G9,3.039514e-04,   0.2474164,    1.411246,
"Amy Remeikis, Katharine Murphy",G1,8.985507e-03,   6.0562319,   37.963768,
"Amy Remeikis, Katharine Murphy",G10,2.898551e-04,   0.1953623,    1.224638,
"Amy Remeikis, Katharine Murphy",G2,1.915942e-01, 129.1344928,  809.485507,
"Amy Remeikis, Katharine Murphy",G3,2.898551e-04,   0.1953623,    1.224638,
"Amy Remeikis, Katharine Murphy",G4,2.898551e-04,   0.1953623,    1.224638,
"Amy Remeikis, Katharine Murphy",G5,7.713043e-01, 519.8591304, 3258.760870,5cc06daca2c3613145ed8969
"Amy Remeikis, Katharine Murphy",G6,2.898551e-04,   0.1953623,    1.224638,
"Amy Remeikis, Katharine Murphy",G7,2.637681e-02,  17.7779710,  111.442029,
"Amy Remeikis, Katharine Murphy",G8,2.898551e-04,   0.1953623,    1.224638,
"Amy Remeikis, Katharine Murphy",G9,2.898551e-04,   0.1953623,    1.224638,
Anne Davies,G1,1.340883e-01,  72.5670656,  439.093131,
Anne Davies,G10,2.078869e-01, 190.8876612, 1155.972349,
Anne Davies,G2,2.434336e-01, 135.7446818,  856.821695,
Anne Davies,G3,7.313731e-02,  42.4063060,  257.719457,
Anne Davies,G4,6.559681e-01, 370.6388045, 2306.477404,
Anne Davies,G5,2.018493e+00,1433.3237071, 8775.175370,5cc07b5ca2c3613145ed8d5b 5cc07a62a2c3613145ed8cfa 5cc07696a2c3613145ed8b7a 5cc07686a2c3613145ed8b72
Anne Davies,G6,5.095280e-02,  30.3698971,  186.101663,
Anne Davies,G7,3.020812e-01, 187.5731989, 1130.549619,
Anne Davies,G8,1.946462e-01, 158.4960443,  959.359487,
Anne Davies,G9,1.193131e-01,  73.9926335,  458.729825,
Arthur Neslen,G1,5.313706e-01, 415.9864984, 2556.986458,5cc07615a2c3613145ed8b50
Arthur Neslen,G10,4.293928e-03,   2.5190800,   15.166676,
Arthur Neslen,G2,6.442931e-04,   0.4278392,    2.600983,
Arthur Neslen,G3,8.164988e-02,  63.8552135,  392.480871,
Arthur Neslen,G4,9.525466e-01, 596.3147820, 3609.106732,5cc16446a2c36151699895d1
Arthur Neslen,G5,3.437589e-03,   2.6149900,   16.045117,
Arthur Neslen,G6,6.484933e-02,  40.7368756,  246.619802,
Arthur Neslen,G7,1.432451e-01,  94.4565469,  573.938747,
Arthur Neslen,G8,1.634302e-01, 107.1958121,  651.089789,
Arthur Neslen,G9,5.453248e-02,  31.8923623,  191.964825,
Arwa Mahdawi,G1,1.224439e-01, 117.5461347,  699.766833,
Arwa Mahdawi,G10,5.738155e-01, 550.8628429, 3279.355362,5cc180e7a2c3615169989c56
Arwa Mahdawi,G2,2.493766e-04,   0.2394015,    1.425187,
Arwa Mahdawi,G3,7.730673e-03,   7.4214464,   44.180798,
Arwa Mahdawi,G4,2.493766e-04,   0.2394015,    1.425187,
Arwa Mahdawi,G5,2.493766e-04,   0.2394015,    1.425187,
Arwa Mahdawi,G6,8.004988e-02,  76.8478803,  457.485037,
Arwa Mahdawi,G7,2.493766e-04,   0.2394015,    1.425187,
Arwa Mahdawi,G8,2.493766e-04,   0.2394015,    1.425187,
Arwa Mahdawi,G9,2.147132e-01, 206.1246883, 1227.086035,
Associated Press,G1,1.504137e+00, 676.9026542, 4039.116237,5cc17fe8a2c3615169989c16 5cc08341a2c3613145ed8ff3
Associated Press,G10,9.793485e-04,   0.4415088,    2.635576,
Associated Press,G2,9.793485e-04,   0.4415088,    2.635576,
Associated Press,G3,2.262437e-02,  10.5497339,   63.458087,
Associated Press,G4,9.793485e-04,   0.4415088,    2.635576,
Associated Press,G5,9.793485e-04,   0.4415088,    2.635576,
Associated Press,G6,4.663828e-01, 214.4570506, 1285.976645,
Associated Press,G7,9.793485e-04,   0.4415088,    2.635576,
Associated Press,G8,9.793485e-04,   0.4415088,    2.635576,
Associated Press,G9,9.793485e-04,   0.4415088,    2.635576,
Ben Jacobs,G1,7.299270e-04,   0.2357664,    1.448905,
Ben Jacobs,G10,7.299270e-04,   0.2357664,    1.448905,
Ben Jacobs,G2,7.299270e-04,   0.2357664,    1.448905,
Ben Jacobs,G3,7.299270e-04,   0.2357664,    1.448905,
Ben Jacobs,G4,8.029197e-03,   2.5934307,   15.937956,
Ben Jacobs,G5,7.299270e-04,   0.2357664,    1.448905,
Ben Jacobs,G6,7.299270e-04,   0.2357664,    1.448905,
Ben Jacobs,G7,7.299270e-04,   0.2357664,    1.448905,
Ben Jacobs,G8,8.029197e-03,   2.5934307,   15.937956,
Ben Jacobs,G9,9.788321e-01, 316.1627737, 1942.981752,5cc172d1a2c3615169989924
Ben Smee,G1,2.380952e-04,   0.2595238,    1.470952,
Ben Smee,G10,4.716667e-01, 514.1166667, 2913.956667,5cc06d80a2c3613145ed8960
Ben Smee,G2,3.357143e-02,  36.5928571,  207.404286,
Ben Smee,G3,3.383333e-01, 368.7833333, 2090.223333,
Ben Smee,G4,5.000000e-03,   5.4500000,   30.890000,
Ben Smee,G5,1.383333e-01, 150.7833333,  854.623333,
Ben Smee,G6,2.380952e-04,   0.2595238,    1.470952,
Ben Smee,G7,1.214286e-02,  13.2357143,   75.018571,
Ben Smee,G8,2.380952e-04,   0.2595238,    1.470952,
Ben Smee,G9,2.380952e-04,   0.2595238,    1.470952,
Bianca Nogrady,G1,1.552795e-04,   0.2170807,    1.338975,
Bianca Nogrady,G10,1.257764e-02,  17.5835404,  108.456988,
Bianca Nogrady,G2,4.163043e-01, 581.9934783, 3589.792391,5cc165c9a2c361516998962b
Bianca Nogrady,G3,1.709627e-01, 239.0059006, 1474.211646,
Bianca Nogrady,G4,3.260870e-03,   4.5586957,   28.118478,
Bianca Nogrady,G5,2.190994e-01, 306.3009317, 1889.293944,
Bianca Nogrady,G6,1.552795e-04,   0.2170807,    1.338975,
Bianca Nogrady,G7,1.771739e-01, 247.6891304, 1527.770652,
Bianca Nogrady,G8,1.552795e-04,   0.2170807,    1.338975,
Bianca Nogrady,G9,1.552795e-04,   0.2170807,    1.338975,
"Bibi van der Zee, Andrew Wasley",G1,1.686341e-04,   0.2011804,    1.292074,
"Bibi van der Zee, Andrew Wasley",G10,1.854975e-03,   2.2129848,   14.212816,
"Bibi van der Zee, Andrew Wasley",G2,8.279933e-02,  98.7795953,  634.408432,
"Bibi van der Zee, Andrew Wasley",G3,3.812816e-01, 454.8689713, 2921.379764,5cc07e5ba2c3613145ed8e6c
"Bibi van der Zee, Andrew Wasley",G4,3.239460e-01, 386.4676223, 2482.074536,
"Bibi van der Zee, Andrew Wasley",G5,5.750422e-02,  68.6025295,  440.597302,
"Bibi van der Zee, Andrew Wasley",G6,5.075885e-02,  60.5553120,  388.914334,
"Bibi van der Zee, Andrew Wasley",G7,1.013491e-01, 120.9094435,  776.536594,
"Bibi van der Zee, Andrew Wasley",G8,1.686341e-04,   0.2011804,    1.292074,
"Bibi van der Zee, Andrew Wasley",G9,1.686341e-04,   0.2011804,    1.292074,
Bill McKibben,G1,4.340102e-02,  36.8474619,  221.345178,
Bill McKibben,G10,2.286802e-01, 194.1494924, 1166.269036,
Bill McKibben,G2,2.895939e-01, 245.8652284, 1476.928934,5cc06ed9a2c3613145ed898c
Bill McKibben,G3,2.007614e-01, 170.4464467, 1023.883249,
Bill McKibben,G4,2.538071e-04,   0.2154822,    1.294416,
Bill McKibben,G5,2.538071e-04,   0.2154822,    1.294416,
Bill McKibben,G6,2.791878e-03,   2.3703046,   14.238579,
Bill McKibben,G7,2.055838e-02,  17.4540609,  104.847716,
Bill McKibben,G8,7.868020e-03,   6.6799492,   40.126904,
Bill McKibben,G9,2.058376e-01, 174.7560914, 1049.771574,
Caroline Lucas,G1,9.163498e-02,  63.2281369,  365.531939,
Caroline Lucas,G10,2.779468e-01, 191.7832700, 1108.729658,
Caroline Lucas,G2,1.486692e-01, 102.5817490,  593.041445,
Caroline Lucas,G3,3.802281e-04,   0.2623574,    1.516730,
Caroline Lucas,G4,1.939163e-02,  13.3802281,   77.353232,
Caroline Lucas,G5,3.802281e-04,   0.2623574,    1.516730,
Caroline Lucas,G6,7.984791e-03,   5.5095057,   31.851331,
Caroline Lucas,G7,1.296578e-01,  89.4638783,  517.204943,
Caroline Lucas,G8,3.235741e-01, 223.2661597, 1290.737262,5cc04c9fa2c36117d7eb0f5a
Caroline Lucas,G9,3.802281e-04,   0.2623574,    1.516730,
Christine Milne,G1,2.429047e-01, 498.6832594, 2910.969401,
Christine Milne,G10,1.719512e-01, 353.0158537, 2060.663415,
Christine Milne,G2,1.108647e-04,   0.2276053,    1.328603,
Christine Milne,G3,1.108647e-04,   0.2276053,    1.328603,
Christine Milne,G4,3.936807e-01, 808.2264967, 4717.869623,5cc0861ca2c3613145ed90c3
Christine Milne,G5,5.000000e-02, 102.6500000,  599.200000,
Christine Milne,G6,1.087583e-01, 223.2808204, 1303.359645,
Christine Milne,G7,8.980044e-03,  18.4360310,  107.616851,
Christine Milne,G8,2.117517e-02,  43.4726164,  253.763193,
Christine Milne,G9,2.328160e-03,   4.7797118,   27.900665,
Damian Carrington,G1,3.238297e-01, 311.7271522, 1884.295439,5cc07350a2c3613145ed8a8f
Damian Carrington,G10,4.445829e-02,  37.8597500,  229.392049,
Damian Carrington,G2,1.220176e-02,  11.6294777,   70.309392,
Damian Carrington,G3,6.695158e-01, 407.8174688, 2491.087509,5cc18970a2c3615169989de2
Damian Carrington,G4,7.142868e-02,  67.4568132,  407.898661,
Damian Carrington,G5,5.738551e-04,   0.4318033,    2.623346,
Damian Carrington,G6,3.004230e-01, 286.7701953, 1733.704209,
Damian Carrington,G7,3.698016e-01, 310.0868315, 1879.413242,
Damian Carrington,G8,9.797841e-02,  71.2767593,  433.372945,
Damian Carrington,G9,1.097889e-01,  66.9437487,  408.903209,
Dan Roberts,G1,3.536977e-03,   2.4617363,   14.858842,
Dan Roberts,G10,4.504823e-01, 313.5356913, 1892.476206,5cc07e22a2c3613145ed8e59
Dan Roberts,G2,3.536977e-03,   2.4617363,   14.858842,
Dan Roberts,G3,3.215434e-04,   0.2237942,    1.350804,
Dan Roberts,G4,3.215434e-04,   0.2237942,    1.350804,
Dan Roberts,G5,3.536977e-03,   2.4617363,   14.858842,
Dan Roberts,G6,1.192926e-01,  83.0276527,  501.148232,
Dan Roberts,G7,3.347267e-01, 232.9697749, 1406.186817,
Dan Roberts,G8,8.392283e-02,  58.4102894,  352.559807,
Dan Roberts,G9,3.215434e-04,   0.2237942,    1.350804,
Dana Nuccitelli,G1,2.245121e-01, 219.2987667, 1345.514956,
Dana Nuccitelli,G10,2.367790e-01, 242.4329233, 1505.011620,
Dana Nuccitelli,G2,3.621510e-01, 350.6184774, 2143.108073,
Dana Nuccitelli,G3,1.516433e-01, 150.3841089,  954.401912,
Dana Nuccitelli,G4,1.671081e-02,  19.5149543,  122.105648,
Dana Nuccitelli,G5,9.766365e-03,  11.3274543,   70.855648,
Dana Nuccitelli,G6,2.258806e+00,2275.9949474,14181.369089,5cc178c7a2c3615169989a6a 5cc17135a2c36151699898c4 5cc0845ea2c3613145ed9041
Dana Nuccitelli,G7,5.705936e-02,  66.5329885,  411.082076,
Dana Nuccitelli,G8,1.763427e-02,  16.0032448,  100.143029,
Dana Nuccitelli,G9,1.664938e+00,1757.8921343,10950.407950,5cc072d3a2c3613145ed8a6c 5cc07915a2c3613145ed8c6b
Daniel Boffey,G1,3.200913e-01, 156.5246575,  939.147945,
Daniel Boffey,G10,4.566210e-04,   0.2232877,    1.339726,
Daniel Boffey,G2,4.566210e-04,   0.2232877,    1.339726,
Daniel Boffey,G3,1.374429e-01,  67.2095890,  403.257534,
Daniel Boffey,G4,4.616438e-01, 225.7438356, 1354.463014,5cc072d7a2c3613145ed8a6e
Daniel Boffey,G5,4.566210e-04,   0.2232877,    1.339726,
Daniel Boffey,G6,7.351598e-02,  35.9493151,  215.695890,
Daniel Boffey,G7,4.566210e-04,   0.2232877,    1.339726,
Daniel Boffey,G8,4.566210e-04,   0.2232877,    1.339726,
Daniel Boffey,G9,5.022831e-03,   2.4561644,   14.736986,
Dave Bry,G1,9.715100e-02, 101.2313390,  541.908262,
Dave Bry,G10,8.122507e-01, 846.3652422, 4530.734473,5cc18ec6a2c3615169989edf
Dave Bry,G2,4.017094e-02,  41.8581197,  224.073504,
Dave Bry,G3,2.849003e-04,   0.2968661,    1.589174,
Dave Bry,G4,3.162393e-02,  32.9521368,  176.398291,
Dave Bry,G5,1.452991e-02,  15.1401709,   81.047863,
Dave Bry,G6,3.133903e-03,   3.2655271,   17.480912,
Dave Bry,G7,2.849003e-04,   0.2968661,    1.589174,
Dave Bry,G8,2.849003e-04,   0.2968661,    1.589174,
Dave Bry,G9,2.849003e-04,   0.2968661,    1.589174,
David Cox,G1,7.061856e-02,  85.8015464,  538.325258,
David Cox,G10,1.718213e-04,   0.2087629,    1.309794,
David Cox,G2,2.046392e-01, 248.6365979, 1559.964433,
David Cox,G3,7.920962e-02,  96.2396907,  603.814948,
David Cox,G4,5.809278e-01, 705.8273196, 4428.412887,5cc07792a2c3613145ed8bcd
David Cox,G5,1.718213e-04,   0.2087629,    1.309794,
David Cox,G6,3.109966e-02,  37.7860825,  237.072680,
David Cox,G7,3.281787e-02,  39.8737113,  250.170619,
David Cox,G8,1.718213e-04,   0.2087629,    1.309794,
David Cox,G9,1.718213e-04,   0.2087629,    1.309794,
Debbie Carlson,G1,2.366013e-02,  35.7031373,  219.400392,
Debbie Carlson,G10,1.437908e-03,   2.1698039,   13.333725,
Debbie Carlson,G2,6.720261e-01,1014.0874510, 6231.698431,5cc17f7aa2c3615169989c01
Debbie Carlson,G3,1.112418e-01, 167.8639216, 1031.545490,
Debbie Carlson,G4,1.307190e-04,   0.1972549,    1.212157,
Debbie Carlson,G5,1.307190e-04,   0.1972549,    1.212157,
Debbie Carlson,G6,1.437908e-03,   2.1698039,   13.333725,
Debbie Carlson,G7,1.712418e-02,  25.8403922,  158.792549,
Debbie Carlson,G8,1.307190e-04,   0.1972549,    1.212157,
Debbie Carlson,G9,1.726797e-01, 260.5737255, 1601.259216,
Denis Campbell,G1,3.344482e-04,   0.2180602,    1.312040,
Denis Campbell,G10,2.712375e-01, 176.8468227, 1064.064548,5cc07930a2c3613145ed8c7a
Denis Campbell,G2,7.023411e-03,   4.5792642,   27.552843,
Denis Campbell,G3,1.709030e-01, 111.4287625,  670.452508,
Denis Campbell,G4,3.344482e-04,   0.2180602,    1.312040,
Denis Campbell,G5,7.391304e-02,  48.1913043,  289.960870,
Denis Campbell,G6,4.381271e-02,  28.5658863,  171.877258,
Denis Campbell,G7,1.742475e-01, 113.6093645,  683.572910,
Denis Campbell,G8,2.143813e-01, 139.7765886,  841.017726,
Denis Campbell,G9,4.381271e-02,  28.5658863,  171.877258,
"Ed Pilkington, Mona Chalabi",G1,1.510574e-04,   0.2406344,    1.462387,
"Ed Pilkington, Mona Chalabi",G10,1.814199e-01, 289.0019637, 1756.326435,
"Ed Pilkington, Mona Chalabi",G2,1.510574e-04,   0.2406344,    1.462387,
"Ed Pilkington, Mona Chalabi",G3,1.510574e-04,   0.2406344,    1.462387,
"Ed Pilkington, Mona Chalabi",G4,1.510574e-04,   0.2406344,    1.462387,
"Ed Pilkington, Mona Chalabi",G5,1.510574e-04,   0.2406344,    1.462387,
"Ed Pilkington, Mona Chalabi",G6,1.361027e-01, 216.8116314, 1317.610423,
"Ed Pilkington, Mona Chalabi",G7,8.021148e-02, 127.7768882,  776.527341,
"Ed Pilkington, Mona Chalabi",G8,2.129909e-02,  33.9294562,  206.196526,
"Ed Pilkington, Mona Chalabi",G9,5.802115e-01, 924.2768882, 5617.027341,5cc18138a2c3615169989c5e
Ellie Mae O’Hagan,G1,2.392344e-04,   0.2413876,    1.466029,
Ellie Mae O’Hagan,G10,5.456938e-01, 550.6050239, 3344.011483,5cc074c0a2c3613145ed8aeb
Ellie Mae O’Hagan,G2,2.392344e-04,   0.2413876,    1.466029,
Ellie Mae O’Hagan,G3,2.392344e-04,   0.2413876,    1.466029,
Ellie Mae O’Hagan,G4,2.392344e-04,   0.2413876,    1.466029,
Ellie Mae O’Hagan,G5,2.392344e-04,   0.2413876,    1.466029,
Ellie Mae O’Hagan,G6,2.873206e-01, 289.9064593, 1760.700478,
Ellie Mae O’Hagan,G7,2.392344e-04,   0.2413876,    1.466029,
Ellie Mae O’Hagan,G8,2.392344e-04,   0.2413876,    1.466029,
Ellie Mae O’Hagan,G9,1.653110e-01, 166.7988038, 1013.025837,
Emily Holden,G1,3.606557e-03,   2.5065574,   15.421639,
Emily Holden,G10,8.229508e-02,  57.1950820,  351.893770,
Emily Holden,G2,6.495082e-01, 451.4081967, 2777.297049,5cc07b51a2c3613145ed8d54
Emily Holden,G3,9.213115e-02,  64.0311475,  393.952787,
Emily Holden,G4,3.606557e-03,   2.5065574,   15.421639,
Emily Holden,G5,3.278689e-04,   0.2278689,    1.401967,
Emily Holden,G6,1.085246e-01,  75.4245902,  464.051148,
Emily Holden,G7,5.934426e-02,  41.2442623,  253.756066,
Emily Holden,G8,3.278689e-04,   0.2278689,    1.401967,
Emily Holden,G9,3.278689e-04,   0.2278689,    1.401967,
Fiona Harvey,G1,5.154639e-04,   0.2860825,    1.692784,
Fiona Harvey,G10,5.154639e-04,   0.2860825,    1.692784,
Fiona Harvey,G2,8.814433e-02,  48.9201031,  289.465979,
Fiona Harvey,G3,5.154639e-04,   0.2860825,    1.692784,
Fiona Harvey,G4,5.154639e-04,   0.2860825,    1.692784,
Fiona Harvey,G5,5.154639e-04,   0.2860825,    1.692784,
Fiona Harvey,G6,6.237113e-02,  34.6159794,  204.826804,
Fiona Harvey,G7,7.840206e-01, 435.1314433, 2574.723711,5cc07d8ba2c3613145ed8e24
Fiona Harvey,G8,5.154639e-04,   0.2860825,    1.692784,
Fiona Harvey,G9,6.237113e-02,  34.6159794,  204.826804,
First Dog on the Moon,G1,4.666667e-02,   6.9533333,   39.526667,
First Dog on the Moon,G10,4.911111e-01,  73.1755556,  415.971111,5cc18399a2c3615169989cc4
First Dog on the Moon,G2,2.222222e-03,   0.3311111,    1.882222,
First Dog on the Moon,G3,4.666667e-02,   6.9533333,   39.526667,
First Dog on the Moon,G4,2.222222e-03,   0.3311111,    1.882222,
First Dog on the Moon,G5,2.222222e-03,   0.3311111,    1.882222,
First Dog on the Moon,G6,4.666667e-02,   6.9533333,   39.526667,
First Dog on the Moon,G7,2.222222e-03,   0.3311111,    1.882222,
First Dog on the Moon,G8,3.577778e-01,  53.3088889,  303.037778,
First Dog on the Moon,G9,2.222222e-03,   0.3311111,    1.882222,
Genny Scherer,G1,4.313725e-03,   2.8945098,   16.124706,
Genny Scherer,G10,3.298039e-01, 221.2984314, 1232.807059,5cc08494a2c3613145ed9054
Genny Scherer,G2,3.921569e-04,   0.2631373,    1.465882,
Genny Scherer,G3,2.749020e-01, 184.4592157, 1027.583529,
Genny Scherer,G4,2.392157e-02,  16.0513725,   89.418824,
Genny Scherer,G5,3.921569e-04,   0.2631373,    1.465882,
Genny Scherer,G6,4.313725e-03,   2.8945098,   16.124706,
Genny Scherer,G7,2.392157e-02,  16.0513725,   89.418824,
Genny Scherer,G8,3.062745e-01, 205.5101961, 1144.854118,
Genny Scherer,G9,3.176471e-02,  21.3141176,  118.736471,
Graham Readfearn,G1,7.432217e-01, 890.6434784, 5385.759713,5cc075d6a2c3613145ed8b44
Graham Readfearn,G10,3.141177e-01, 424.3452947, 2518.514595,
Graham Readfearn,G2,9.139612e-02, 128.9215768,  765.179652,
Graham Readfearn,G3,8.110811e-03,  10.6791980,   63.226712,
Graham Readfearn,G4,8.960263e-01,1179.3712768, 7065.909109,5cc16577a2c361516998961d
Graham Readfearn,G5,9.243836e-02, 129.2492728,  765.997114,
Graham Readfearn,G6,1.470369e+00,1849.4041192,10943.170058,5cc17521a2c36151699899a1 5cc07f82a2c3613145ed8ed0
Graham Readfearn,G7,2.206849e-01, 280.0132717, 1655.050220,
Graham Readfearn,G8,7.713610e-04,   0.9764457,    5.817538,
Graham Readfearn,G9,1.628632e-01, 214.3960660, 1269.375288,
Guardian Staff,G1,3.376058e-01, 107.4983850,  637.601485,5cc164fda2c36151699895fe
Guardian Staff,G10,7.719384e-01,1763.0440588,10387.902436,5cc17871a2c3615169989a54
Guardian Staff,G2,3.514239e-03,   0.5350514,    3.200157,
Guardian Staff,G3,3.514239e-03,   0.5350514,    3.200157,
Guardian Staff,G4,2.793763e-01,  25.9143618,  156.579467,
Guardian Staff,G5,4.921072e-02,  40.7351697,  240.468217,
Guardian Staff,G6,4.441134e-02, 135.5772678,  798.607809,
Guardian Staff,G7,7.937176e-02, 251.0165817, 1478.553059,
Guardian Staff,G8,3.727936e-01, 887.8266991, 5230.867134,
Guardian Staff,G9,5.826358e-02, 181.3173733, 1068.020078,
Haroon Siddique,G1,9.591837e-02,  37.5040816,  224.353061,
Haroon Siddique,G10,7.551020e-02,  29.5244898,  176.618367,
Haroon Siddique,G2,6.802721e-04,   0.2659864,    1.591156,
Haroon Siddique,G3,6.802721e-04,   0.2659864,    1.591156,
Haroon Siddique,G4,6.802721e-04,   0.2659864,    1.591156,
Haroon Siddique,G5,6.802721e-04,   0.2659864,    1.591156,
Haroon Siddique,G6,6.802721e-04,   0.2659864,    1.591156,
Haroon Siddique,G7,6.605442e-01, 258.2727891, 1545.012925,5cc16d70a2c36151699897e2
Haroon Siddique,G8,3.469388e-02,  13.5653061,   81.148980,
Haroon Siddique,G9,1.299320e-01,  50.8034014,  303.910884,
Heather Stewart,G1,2.582160e-03,   2.7138498,   16.076526,
Heather Stewart,G10,2.701878e-01, 283.9673709, 1682.189202,
Heather Stewart,G2,2.347418e-04,   0.2467136,    1.461502,
Heather Stewart,G3,2.347418e-04,   0.2467136,    1.461502,
Heather Stewart,G4,2.347418e-04,   0.2467136,    1.461502,
Heather Stewart,G5,1.316901e-01, 138.4063380,  819.902817,
Heather Stewart,G6,2.347418e-04,   0.2467136,    1.461502,
Heather Stewart,G7,7.065728e-02,  74.2607981,  439.912207,
Heather Stewart,G8,4.673709e-01, 491.2068075, 2909.851174,5cc18880a2c3615169989db1
Heather Stewart,G9,5.657277e-02,  59.4579812,  352.222066,
Howard Lee,G1,1.102094e-01,  96.1026178,  591.604188,
Howard Lee,G10,3.952880e-02,  34.4691099,  212.190576,
Howard Lee,G2,2.617801e-04,   0.2282723,    1.405236,
Howard Lee,G3,2.617801e-04,   0.2282723,    1.405236,
Howard Lee,G4,3.196335e-01, 278.7204188, 1715.792670,
Howard Lee,G5,2.617801e-04,   0.2282723,    1.405236,
Howard Lee,G6,5.290576e-01, 461.3382199, 2839.981152,5cc183eea2c3615169989cd1
Howard Lee,G7,2.617801e-04,   0.2282723,    1.405236,
Howard Lee,G8,2.617801e-04,   0.2282723,    1.405236,
Howard Lee,G9,2.617801e-04,   0.2282723,    1.405236,
Ian Jack,G1,3.113333e-01, 334.6833333, 1868.311333,
Ian Jack,G10,4.424444e-01, 475.6277778, 2655.109111,5cc07049a2c3613145ed89bb
Ian Jack,G2,2.222222e-04,   0.2388889,    1.333556,
Ian Jack,G3,1.577778e-02,  16.9611111,   94.682444,
Ian Jack,G4,1.313333e-01, 141.1833333,  788.131333,
Ian Jack,G5,2.222222e-04,   0.2388889,    1.333556,
Ian Jack,G6,2.444444e-03,   2.6277778,   14.669111,
Ian Jack,G7,2.222222e-04,   0.2388889,    1.333556,
Ian Jack,G8,7.800000e-02,  83.8500000,  468.078000,
Ian Jack,G9,1.800000e-02,  19.3500000,  108.018000,
Jason Wilson,G1,6.732543e-02, 126.8411067,  756.064559,
Jason Wilson,G10,7.511199e-01,1415.1098814, 8435.076416,5cc0752aa2c3613145ed8b08
Jason Wilson,G2,4.084321e-03,   7.6948617,   45.866930,
Jason Wilson,G3,1.317523e-04,   0.2482213,    1.479578,
Jason Wilson,G4,8.036891e-03,  15.1415020,   90.254282,
Jason Wilson,G5,7.654809e-02, 144.2166008,  859.635046,
Jason Wilson,G6,1.317523e-04,   0.2482213,    1.479578,
Jason Wilson,G7,3.833992e-02,  72.2324111,  430.557312,
Jason Wilson,G8,2.252964e-02,  42.4458498,  253.007905,
Jason Wilson,G9,3.175231e-02,  59.8213439,  356.578393,
Jay Weatherill,G1,4.310345e-04,   0.2163793,    1.331034,
Jay Weatherill,G10,6.939655e-02,  34.8370690,  214.296552,
Jay Weatherill,G2,1.987069e-01,  99.7508621,  613.606897,
Jay Weatherill,G3,4.310345e-04,   0.2163793,    1.331034,
Jay Weatherill,G4,4.310345e-04,   0.2163793,    1.331034,
Jay Weatherill,G5,7.202586e-01, 361.5698276, 2224.158621,5cc17771a2c3615169989a19
Jay Weatherill,G6,9.051724e-03,   4.5439655,   27.951724,
Jay Weatherill,G7,4.310345e-04,   0.2163793,    1.331034,
Jay Weatherill,G8,4.310345e-04,   0.2163793,    1.331034,
Jay Weatherill,G9,4.310345e-04,   0.2163793,    1.331034,
Jennifer Clapp,G1,3.125000e-03,   2.1093750,   13.828125,
Jennifer Clapp,G10,4.857955e-02,  32.7911932,  214.964489,
Jennifer Clapp,G2,2.840909e-04,   0.1917614,    1.257102,
Jennifer Clapp,G3,4.605114e-01, 310.8451705, 2037.762784,5cc188efa2c3615169989dc7
Jennifer Clapp,G4,2.758523e-01, 186.2002841, 1220.646307,
Jennifer Clapp,G5,9.119318e-02,  61.5553977,  403.529830,
Jennifer Clapp,G6,2.840909e-04,   0.1917614,    1.257102,
Jennifer Clapp,G7,9.687500e-02,  65.3906250,  428.671875,
Jennifer Clapp,G8,2.840909e-04,   0.1917614,    1.257102,
Jennifer Clapp,G9,2.301136e-02,  15.5326705,  101.825284,
Jeremy Plester,G1,5.432203e-01, 166.7686441,  981.599153,5cc174e5a2c361516998999d
Jeremy Plester,G10,3.652542e-01, 112.1330508,  660.014407,
Jeremy Plester,G2,8.474576e-04,   0.2601695,    1.531356,
Jeremy Plester,G3,8.474576e-04,   0.2601695,    1.531356,
Jeremy Plester,G4,8.474576e-04,   0.2601695,    1.531356,
Jeremy Plester,G5,8.474576e-04,   0.2601695,    1.531356,
Jeremy Plester,G6,8.559322e-02,  26.2771186,  154.666949,
Jeremy Plester,G7,8.474576e-04,   0.2601695,    1.531356,
Jeremy Plester,G8,8.474576e-04,   0.2601695,    1.531356,
Jeremy Plester,G9,8.474576e-04,   0.2601695,    1.531356,
John Abraham,G1,8.656045e-01,1060.8873514, 6026.839221,5cc16889a2c36151699896bc
John Abraham,G10,1.471948e-01, 162.9028305,  932.699549,
John Abraham,G2,7.136123e-01, 522.5476280, 3095.257574,5cc0846aa2c3613145ed9047
John Abraham,G3,2.087033e-02,  23.1218216,  139.371283,
John Abraham,G4,7.090364e-04,   0.7024668,    4.109186,
John Abraham,G5,7.090364e-04,   0.7024668,    4.109186,
John Abraham,G6,1.197417e+00,1313.2276650, 7796.086811,5cc18460a2c3615169989ce5
John Abraham,G7,7.090364e-04,   0.7024668,    4.109186,
John Abraham,G8,7.090364e-04,   0.7024668,    4.109186,
John Abraham,G9,5.246504e-02,  68.5028364,  384.308817,
"Jon Henley, Gordon Darroch",G1,2.320186e-04,   0.2194896,    1.350116,
"Jon Henley, Gordon Darroch",G10,3.529002e-01, 333.8436195, 2053.526450,5cc16ecda2c3615169989833
"Jon Henley, Gordon Darroch",G2,2.320186e-04,   0.2194896,    1.350116,
"Jon Henley, Gordon Darroch",G3,3.039443e-02,  28.7531323,  176.865197,
"Jon Henley, Gordon Darroch",G4,2.320186e-04,   0.2194896,    1.350116,
"Jon Henley, Gordon Darroch",G5,1.881671e-01, 178.0060325, 1094.944084,
"Jon Henley, Gordon Darroch",G6,2.320186e-04,   0.2194896,    1.350116,
"Jon Henley, Gordon Darroch",G7,1.046404e-01,  98.9897912,  608.902320,
"Jon Henley, Gordon Darroch",G8,2.740139e-01, 259.2171694, 1594.487007,
"Jon Henley, Gordon Darroch",G9,4.895592e-02,  46.3122970,  284.874478,
Jonathan Watts,G1,6.663520e-01, 559.7188946, 3340.369979,5cc17a4ba2c3615169989acb
Jonathan Watts,G10,1.048442e-01,  84.8581002,  515.507953,
Jonathan Watts,G2,1.619441e-01, 127.1061140,  783.813758,
Jonathan Watts,G3,1.825644e-01, 150.1430743,  905.119352,
Jonathan Watts,G4,2.645566e-02,  22.2059413,  132.569461,
Jonathan Watts,G5,5.489224e-04,   0.4442832,    2.698995,
Jonathan Watts,G6,4.020500e-02,  31.9061140,  195.692018,
Jonathan Watts,G7,7.580168e-01, 599.3955786, 3682.772525,5cc079bda2c3613145ed8cb4
Jonathan Watts,G8,5.851994e-02,  45.7776166,  282.756966,
Jonathan Watts,G9,5.489224e-04,   0.4442832,    2.698995,
Karl Mathiesen,G1,4.878049e-04,   0.2390244,    1.421951,
Karl Mathiesen,G10,1.024390e-02,   5.0195122,   29.860976,
Karl Mathiesen,G2,6.004878e-01, 294.2390244, 1750.421951,5cc1823aa2c3615169989c8e
Karl Mathiesen,G3,4.878049e-04,   0.2390244,    1.421951,
Karl Mathiesen,G4,4.878049e-04,   0.2390244,    1.421951,
Karl Mathiesen,G5,4.878049e-04,   0.2390244,    1.421951,
Karl Mathiesen,G6,4.878049e-04,   0.2390244,    1.421951,
Karl Mathiesen,G7,3.565854e-01, 174.7268293, 1039.446341,
Karl Mathiesen,G8,4.878049e-04,   0.2390244,    1.421951,
Karl Mathiesen,G9,2.975610e-02,  14.5804878,   86.739024,
Kate Lyons,G1,2.898551e-04,   0.2591304,    1.510145,
Kate Lyons,G10,3.539130e-01, 316.3982609, 1843.886957,
Kate Lyons,G2,2.898551e-04,   0.2591304,    1.510145,
Kate Lyons,G3,8.985507e-03,   8.0330435,   46.814493,
Kate Lyons,G4,2.898551e-04,   0.2591304,    1.510145,
Kate Lyons,G5,2.898551e-04,   0.2591304,    1.510145,
Kate Lyons,G6,6.086957e-03,   5.4417391,   31.713043,
Kate Lyons,G7,9.014493e-02,  80.5895652,  469.655072,
Kate Lyons,G8,2.898551e-04,   0.2591304,    1.510145,
Kate Lyons,G9,5.394203e-01, 482.2417391, 2810.379710,5cc08023a2c3613145ed8f12
Katharine Murphy,G1,3.156935e-03,   2.9539244,   18.816725,
Katharine Murphy,G10,2.493812e-01, 376.9601269, 2264.466837,
Katharine Murphy,G2,5.217597e-01, 449.2656446, 2776.946217,
Katharine Murphy,G3,5.724123e-03,   5.0372257,   32.193572,
Katharine Murphy,G4,4.557758e-03,   3.0035714,   18.702209,
Katharine Murphy,G5,2.556863e+00,2512.2611432,15657.439247,5cc17b16a2c3615169989b00 5cc08506a2c3613145ed9074 5cc072bfa2c3613145ed8a62 5cc075cba2c3613145ed8b3f
Katharine Murphy,G6,4.257753e-02,  38.3663962,  246.136762,
Katharine Murphy,G7,5.441642e-01, 483.7550359, 3091.595113,
Katharine Murphy,G8,9.735289e-04,   0.8709549,    5.447729,
Katharine Murphy,G9,7.084252e-02,  67.5259768,  433.255589,
"Katharine Murphy, Lisa Cox",G1,2.267574e-04,   0.2176871,    1.379592,
"Katharine Murphy, Lisa Cox",G10,2.267574e-04,   0.2176871,    1.379592,
"Katharine Murphy, Lisa Cox",G2,2.768707e-01, 265.7959184, 1684.481633,
"Katharine Murphy, Lisa Cox",G3,1.609977e-02,  15.4557823,   97.951020,
"Katharine Murphy, Lisa Cox",G4,2.267574e-04,   0.2176871,    1.379592,
"Katharine Murphy, Lisa Cox",G5,6.419501e-01, 616.2721088, 3905.624490,5cc07555a2c3613145ed8b1b
"Katharine Murphy, Lisa Cox",G6,2.267574e-04,   0.2176871,    1.379592,
"Katharine Murphy, Lisa Cox",G7,6.371882e-02,  61.1700680,  387.665306,
"Katharine Murphy, Lisa Cox",G8,2.267574e-04,   0.2176871,    1.379592,
"Katharine Murphy, Lisa Cox",G9,2.267574e-04,   0.2176871,    1.379592,
"Katharine Murphy, Michael Slezak",G1,2.840909e-04,   0.2107955,    1.375852,
"Katharine Murphy, Michael Slezak",G10,2.840909e-04,   0.2107955,    1.375852,
"Katharine Murphy, Michael Slezak",G2,3.610795e-01, 267.9210227, 1748.708239,
"Katharine Murphy, Michael Slezak",G3,2.840909e-04,   0.2107955,    1.375852,
"Katharine Murphy, Michael Slezak",G4,2.840909e-04,   0.2107955,    1.375852,
"Katharine Murphy, Michael Slezak",G5,6.366477e-01, 472.3926136, 3083.284943,5cc081a1a2c3613145ed8f7d
"Katharine Murphy, Michael Slezak",G6,2.840909e-04,   0.2107955,    1.375852,
"Katharine Murphy, Michael Slezak",G7,2.840909e-04,   0.2107955,    1.375852,
"Katharine Murphy, Michael Slezak",G8,2.840909e-04,   0.2107955,    1.375852,
"Katharine Murphy, Michael Slezak",G9,2.840909e-04,   0.2107955,    1.375852,
Larry Elliott,G1,1.919386e-04,   0.2310940,    1.355470,
Larry Elliott,G10,4.435701e-01, 534.0583493, 3132.491747,5cc079cfa2c3613145ed8cbe
Larry Elliott,G2,9.616123e-02, 115.7781190,  679.090595,
Larry Elliott,G3,7.312860e-02,  88.0468330,  516.434165,
Larry Elliott,G4,2.111324e-03,   2.5420345,   14.910173,
Larry Elliott,G5,7.869482e-03,   9.4748560,   55.574280,
Larry Elliott,G6,2.111324e-03,   2.5420345,   14.910173,
Larry Elliott,G7,3.264875e-01, 393.0909789, 2305.654894,
Larry Elliott,G8,1.919386e-04,   0.2310940,    1.355470,
Larry Elliott,G9,4.817658e-02,  58.0046065,  340.223033,
Lauren Kurtz,G1,1.904762e-04,   0.1866667,    1.259619,
Lauren Kurtz,G10,2.114286e-02,  20.7200000,  139.817714,
Lauren Kurtz,G2,9.714286e-03,   9.5200000,   64.240571,
Lauren Kurtz,G3,3.828571e-02,  37.5200000,  253.183429,
Lauren Kurtz,G4,1.904762e-04,   0.1866667,    1.259619,
Lauren Kurtz,G5,1.352381e-02,  13.2533333,   89.432952,
Lauren Kurtz,G6,4.763810e-01, 466.8533333, 3150.307238,5cc18566a2c3615169989d1d
Lauren Kurtz,G7,1.904762e-04,   0.1866667,    1.259619,
Lauren Kurtz,G8,1.904762e-04,   0.1866667,    1.259619,
Lauren Kurtz,G9,4.401905e-01, 431.3866667, 2910.979619,
Letters,G1,8.536157e-02,  86.1508378,  533.578065,
Letters,G10,8.890870e-01, 537.5125865, 3282.724243,5cc17f30a2c3615169989bf1
Letters,G2,4.109166e-01, 304.5689682, 1867.524255,5cc079fba2c3613145ed8cd1
Letters,G3,3.339355e-01, 260.2049166, 1593.685775,
Letters,G4,1.521143e-01, 149.7327733,  926.725334,
Letters,G5,1.093616e-01, 110.5108378,  684.466065,
Letters,G6,1.567696e-01,  88.5326550,  532.296359,
Letters,G7,8.275242e-01, 522.5327425, 3252.827074,5cc06feea2c3613145ed89b2
Letters,G8,8.865812e-01, 655.1203380, 4056.776541,5cc1715da2c36151699898d2
Letters,G9,1.483484e-01, 117.1333444,  738.396289,
Lucy Lamble,G1,4.529281e-02, 111.4656042,  692.210007,
Lucy Lamble,G10,2.550778e-01, 627.7465530, 3898.354559,
Lucy Lamble,G2,7.412898e-05,   0.1824314,    1.132913,
Lucy Lamble,G3,3.343217e-02,  82.2765752,  510.943884,
Lucy Lamble,G4,6.011861e-02, 147.9518903,  918.792661,
Lucy Lamble,G5,1.556709e-03,   3.8310600,   23.791179,
Lucy Lamble,G6,7.412898e-05,   0.1824314,    1.132913,
Lucy Lamble,G7,3.803558e-01, 936.0556709, 5812.977984,5cc0809aa2c3613145ed8f38
Lucy Lamble,G8,1.216457e-01, 299.3699778, 1859.110675,
Lucy Lamble,G9,1.023721e-01, 251.9378058, 1564.553225,
Luis Alberto Moreno,G1,3.134796e-04,   0.2112853,    1.380878,
Luis Alberto Moreno,G10,5.987461e-02,  40.3554859,  263.747649,
Luis Alberto Moreno,G2,1.912226e-02,  12.8884013,   84.233542,
Luis Alberto Moreno,G3,6.614420e-02,  44.5811912,  291.365204,
Luis Alberto Moreno,G4,3.388715e-01, 228.3993730, 1492.728840,
Luis Alberto Moreno,G5,6.583072e-03,   4.4369906,   28.998433,
Luis Alberto Moreno,G6,3.134796e-04,   0.2112853,    1.380878,
Luis Alberto Moreno,G7,4.768025e-01, 321.3648903, 2100.315047,5cc17baca2c3615169989b2b
Luis Alberto Moreno,G8,2.852665e-02,  19.2269592,  125.659875,
Luis Alberto Moreno,G9,3.448276e-03,   2.3241379,   15.189655,
Lynsey Hanley,G1,1.436620e-02,  11.3061972,   70.221972,
Lynsey Hanley,G10,4.171831e-01, 328.3230986, 2039.190986,5cc08025a2c3613145ed8f14
Lynsey Hanley,G2,2.369014e-01, 186.4414085, 1157.974085,
Lynsey Hanley,G3,1.270423e-01,  99.9822535,  620.982535,
Lynsey Hanley,G4,1.436620e-02,  11.3061972,   70.221972,
Lynsey Hanley,G5,2.816901e-04,   0.2216901,    1.376901,
Lynsey Hanley,G6,2.000000e-02,  15.7400000,   97.760000,
Lynsey Hanley,G7,6.225352e-02,  48.9935211,  304.295211,
Lynsey Hanley,G8,1.016901e-01,  80.0301408,  497.061408,
Lynsey Hanley,G9,5.915493e-03,   4.6554930,   28.914930,
"Megan Darby for Climate Home, part of the Guardian Environment Network",G1,4.098361e-04,   0.1872951,    1.236885,
"Megan Darby for Climate Home, part of the Guardian Environment Network",G10,4.098361e-04,   0.1872951,    1.236885,
"Megan Darby for Climate Home, part of the Guardian Environment Network",G2,6.598361e-02,  30.1545082,  199.138525,
"Megan Darby for Climate Home, part of the Guardian Environment Network",G3,6.028689e-01, 275.5110656, 1819.458197,5cc18a43a2c3615169989e0a
"Megan Darby for Climate Home, part of the Guardian Environment Network",G4,4.098361e-04,   0.1872951,    1.236885,
"Megan Darby for Climate Home, part of the Guardian Environment Network",G5,4.098361e-04,   0.1872951,    1.236885,
"Megan Darby for Climate Home, part of the Guardian Environment Network",G6,1.270492e-02,   5.8061475,   38.343443,
"Megan Darby for Climate Home, part of the Guardian Environment Network",G7,3.159836e-01, 144.4045082,  953.638525,
"Megan Darby for Climate Home, part of the Guardian Environment Network",G8,4.098361e-04,   0.1872951,    1.236885,
"Megan Darby for Climate Home, part of the Guardian Environment Network",G9,4.098361e-04,   0.1872951,    1.236885,
Michael Slezak,G1,2.930626e-02,  21.8850650,  139.427042,
Michael Slezak,G10,1.290447e-01,  97.5870689,  622.051129,
Michael Slezak,G2,1.212746e-01,  95.2070660,  608.586681,
Michael Slezak,G3,7.769446e-01, 618.7094831, 3948.191905,5cc169afa2c36151699896f8
Michael Slezak,G4,1.179489e-01,  89.0762008,  567.748372,
Michael Slezak,G5,5.672612e-01, 438.7164259, 2787.460280,5cc18482a2c3615169989cf3
Michael Slezak,G6,9.624856e-03,   7.4442510,   46.830435,
Michael Slezak,G7,1.389479e+00, 789.1011573, 4930.984336,5cc172d3a2c3615169989925 5cc16d04a2c36151699897be
Michael Slezak,G8,2.433370e-01, 178.7712735, 1136.143193,
Michael Slezak,G9,6.157787e-01, 361.5020084, 2248.576627,
Nnimmo Bassey,G1,1.673629e-01, 151.6308094,  917.316188,
Nnimmo Bassey,G10,9.947781e-02,  90.1268930,  545.237859,
Nnimmo Bassey,G2,8.642298e-02,  78.2992167,  473.684334,
Nnimmo Bassey,G3,2.610966e-04,   0.2365535,    1.431070,
Nnimmo Bassey,G4,2.872063e-03,   2.6020888,   15.741775,
Nnimmo Bassey,G5,2.610966e-04,   0.2365535,    1.431070,
Nnimmo Bassey,G6,3.942559e-02,  35.7195822,  216.091645,
Nnimmo Bassey,G7,4.728460e-01, 428.3984334, 2591.668668,5cc07723a2c3613145ed8ba6
Nnimmo Bassey,G8,1.308094e-01, 118.5133159,  716.966319,
Nnimmo Bassey,G9,2.610966e-04,   0.2365535,    1.431070,
Oliver Balch,G1,6.262626e-03,   5.9494949,   39.316768,
Oliver Balch,G10,2.020202e-04,   0.1919192,    1.268283,
Oliver Balch,G2,1.759596e-01, 167.1616162, 1104.674343,
Oliver Balch,G3,6.484848e-02,  61.6060606,  407.118788,
Oliver Balch,G4,4.789899e-01, 455.0404040, 3007.098586,5cc1881da2c3615169989d9e
Oliver Balch,G5,2.020202e-04,   0.1919192,    1.268283,
Oliver Balch,G6,1.072727e-01, 101.9090909,  673.458182,
Oliver Balch,G7,1.658586e-01, 157.5656566, 1041.260202,
Oliver Balch,G8,2.020202e-04,   0.1919192,    1.268283,
Oliver Balch,G9,2.020202e-04,   0.1919192,    1.268283,
Oliver Milman,G1,1.577929e+00,1133.1283826, 6771.443768,5cc07e9ba2c3613145ed8e81 5cc07156a2c3613145ed89f1
Oliver Milman,G10,9.193142e-02,  80.4983826,  484.228428,
Oliver Milman,G2,5.358002e-01, 573.3142610, 3457.793902,5cc16de0a2c36151699897fe
Oliver Milman,G3,2.948393e-01, 301.6864424, 1813.096188,
Oliver Milman,G4,2.980966e-01, 267.6179068, 1605.241345,
Oliver Milman,G5,5.274542e-02,  32.7030273,  197.118160,
Oliver Milman,G6,2.953652e-01, 189.7862314, 1139.614494,
Oliver Milman,G7,7.945209e-01, 597.0645951, 3628.203462,5cc16cdaa2c36151699897bc
Oliver Milman,G8,1.657247e-03,   1.1339308,    6.825039,
Oliver Milman,G9,1.057115e+00, 707.0668401, 4279.435214,5cc17c29a2c3615169989b4b
Patrick Barkham,G1,5.187050e-01, 163.3920863, 1007.843885,5cc17a06a2c3615169989abb
Patrick Barkham,G10,1.733813e-01,  54.6151079,  336.879856,
Patrick Barkham,G2,7.194245e-04,   0.2266187,    1.397842,
Patrick Barkham,G3,7.194245e-04,   0.2266187,    1.397842,
Patrick Barkham,G4,3.028777e-01,  95.4064748,  588.491367,
Patrick Barkham,G5,7.194245e-04,   0.2266187,    1.397842,
Patrick Barkham,G6,7.194245e-04,   0.2266187,    1.397842,
Patrick Barkham,G7,7.194245e-04,   0.2266187,    1.397842,
Patrick Barkham,G8,7.194245e-04,   0.2266187,    1.397842,
Patrick Barkham,G9,7.194245e-04,   0.2266187,    1.397842,
Patrick Collinson,G1,2.544529e-04,   0.2061069,    1.285242,
Patrick Collinson,G10,2.544529e-04,   0.2061069,    1.285242,
Patrick Collinson,G2,1.045802e-01,  84.7099237,  528.234351,
Patrick Collinson,G3,6.338422e-01, 513.4122137, 3201.537150,5cc0817fa2c3613145ed8f7a
Patrick Collinson,G4,2.798982e-03,   2.2671756,   14.137659,
Patrick Collinson,G5,2.544529e-04,   0.2061069,    1.285242,
Patrick Collinson,G6,2.544529e-04,   0.2061069,    1.285242,
Patrick Collinson,G7,1.223919e-01,  99.1374046,  618.201272,
Patrick Collinson,G8,1.071247e-01,  86.7709924,  541.086768,
Patrick Collinson,G9,2.824427e-02,  22.8778626,  142.661832,
Paul Karp,G1,3.105590e-04,   0.2369565,    1.439130,
Paul Karp,G10,1.649068e-01, 125.8239130,  764.178261,
Paul Karp,G2,8.105590e-02,  61.8456522,  375.613043,
Paul Karp,G3,3.105590e-04,   0.2369565,    1.439130,
Paul Karp,G4,3.105590e-04,   0.2369565,    1.439130,
Paul Karp,G5,5.065217e-01, 386.4760870, 2347.221739,5cc18761a2c3615169989d7b
Paul Karp,G6,1.121118e-01,  85.5413043,  519.526087,
Paul Karp,G7,2.204969e-02,  16.8239130,  102.178261,
Paul Karp,G8,3.105590e-04,   0.2369565,    1.439130,
Paul Karp,G9,1.121118e-01,  85.5413043,  519.526087,
"Peter C Frumhoff, Myles Allen",G1,3.471092e-01, 338.7785867, 2134.721627,5cc1642fa2c36151699895c7
"Peter C Frumhoff, Myles Allen",G10,4.496788e-03,   4.3888651,   27.655246,
"Peter C Frumhoff, Myles Allen",G2,1.244111e-01, 121.4252677,  765.128480,
"Peter C Frumhoff, Myles Allen",G3,2.057816e-01, 200.8428266, 1265.556745,
"Peter C Frumhoff, Myles Allen",G4,2.141328e-04,   0.2089936,    1.316916,
"Peter C Frumhoff, Myles Allen",G5,2.141328e-04,   0.2089936,    1.316916,
"Peter C Frumhoff, Myles Allen",G6,1.843683e-01, 179.9434690, 1133.865096,
"Peter C Frumhoff, Myles Allen",G7,1.948608e-02,  19.0184154,  119.839400,
"Peter C Frumhoff, Myles Allen",G8,2.141328e-04,   0.2089936,    1.316916,
"Peter C Frumhoff, Myles Allen",G9,1.137045e-01, 110.9755889,  699.282655,
Press Association,G1,1.383929e-02,   6.5044643,   40.978125,
Press Association,G10,4.464286e-04,   0.2098214,    1.321875,
Press Association,G2,7.816964e-01, 367.3973214, 2314.603125,5cc1741aa2c3615169989971
Press Association,G3,1.522321e-01,  71.5491071,  450.759375,
Press Association,G4,4.464286e-04,   0.2098214,    1.321875,
Press Association,G5,4.464286e-04,   0.2098214,    1.321875,
Press Association,G6,9.375000e-03,   4.4062500,   27.759375,
Press Association,G7,4.062500e-02,  19.0937500,  120.290625,
Press Association,G8,4.464286e-04,   0.2098214,    1.321875,
Press Association,G9,4.464286e-04,   0.2098214,    1.321875,
Rebecca Solnit,G1,1.435233e-01, 190.1683938, 1141.871503,
Rebecca Solnit,G10,3.939551e-01, 521.9905009, 3134.306736,5cc18d28a2c3615169989e98
Rebecca Solnit,G2,1.727116e-04,   0.2288428,    1.374093,
Rebecca Solnit,G3,1.348877e-01, 178.7262522, 1073.166839,
Rebecca Solnit,G4,1.020725e-01, 135.2461140,  812.089119,
Rebecca Solnit,G5,1.727116e-04,   0.2288428,    1.374093,
Rebecca Solnit,G6,1.727116e-04,   0.2288428,    1.374093,
Rebecca Solnit,G7,7.789292e-02, 103.2081174,  619.716062,
Rebecca Solnit,G8,1.226252e-02,  16.2478411,   97.560622,
Rebecca Solnit,G9,1.348877e-01, 178.7262522, 1073.166839,
Reuters,G1,5.209184e-01, 233.3714286, 1433.567347,5cc18956a2c3615169989dd8
Reuters,G10,5.102041e-04,   0.2285714,    1.404082,
Reuters,G2,5.102041e-04,   0.2285714,    1.404082,
Reuters,G3,5.102041e-04,   0.2285714,    1.404082,
Reuters,G4,8.724490e-02,  39.0857143,  240.097959,
Reuters,G5,5.102041e-04,   0.2285714,    1.404082,
Reuters,G6,1.994898e-01,  89.3714286,  548.995918,
Reuters,G7,1.841837e-01,  82.5142857,  506.873469,
Reuters,G8,5.102041e-04,   0.2285714,    1.404082,
Reuters,G9,5.612245e-03,   2.5142857,   15.444898,
Terry Macalister,G1,9.117647e-03,   6.3732353,   39.132941,
Terry Macalister,G10,2.941176e-04,   0.2055882,    1.262353,
Terry Macalister,G2,3.414706e-01, 238.6879412, 1465.591765,
Terry Macalister,G3,5.385294e-01, 376.4320588, 2311.368235,5cc18879a2c3615169989daf
Terry Macalister,G4,2.941176e-04,   0.2055882,    1.262353,
Terry Macalister,G5,2.382353e-02,  16.6526471,  102.250588,
Terry Macalister,G6,2.941176e-04,   0.2055882,    1.262353,
Terry Macalister,G7,2.382353e-02,  16.6526471,  102.250588,
Terry Macalister,G8,1.500000e-02,  10.4850000,   64.380000,
Terry Macalister,G9,4.735294e-02,  33.0997059,  203.238824,
Tom Levitt,G1,1.581292e-02,  15.3701559,   94.197550,
Tom Levitt,G10,1.182628e-01, 114.9514477,  704.491537,
Tom Levitt,G2,3.187082e-01, 309.7844098, 1898.544989,
Tom Levitt,G3,4.723831e-01, 459.1563474, 2813.985969,5cc187dfa2c3615169989d92
Tom Levitt,G4,2.227171e-04,   0.2164811,    1.326726,
Tom Levitt,G5,2.227171e-04,   0.2164811,    1.326726,
Tom Levitt,G6,2.449889e-03,   2.3812918,   14.593987,
Tom Levitt,G7,5.590200e-02,  54.3367483,  333.008241,
Tom Levitt,G8,1.581292e-02,  15.3701559,   94.197550,
Tom Levitt,G9,2.227171e-04,   0.2164811,    1.326726,
Tyson Yunkaporta,G1,1.620746e-04,   0.2126418,    1.306645,
Tyson Yunkaporta,G10,6.095624e-01, 799.7458671, 4914.292058,5cc16568a2c3615169989617
Tyson Yunkaporta,G2,8.265802e-03,  10.8447326,   66.638898,
Tyson Yunkaporta,G3,1.620746e-04,   0.2126418,    1.306645,
Tyson Yunkaporta,G4,2.465154e-01, 323.4282010, 1987.407131,
Tyson Yunkaporta,G5,3.403566e-03,   4.4654781,   27.439546,
Tyson Yunkaporta,G6,7.147488e-02,  93.7750405,  576.230470,
Tyson Yunkaporta,G7,6.012966e-02,  78.8901135,  484.765316,
Tyson Yunkaporta,G8,1.620746e-04,   0.2126418,    1.306645,
Tyson Yunkaporta,G9,1.620746e-04,   0.2126418,    1.306645,
NA,G1,5.000000e-02,   3.0500000,   19.150000,
NA,G10,5.000000e-02,   3.0500000,   19.150000,
NA,G2,5.000000e-02,   3.0500000,   19.150000,
NA,G3,5.000000e-02,   3.0500000,   19.150000,
NA,G4,5.000000e-02,   3.0500000,   19.150000,
NA,G5,5.000000e-02,   3.0500000,   19.150000,
NA,G6,5.000000e-02,   3.0500000,   19.150000,
NA,G7,5.000000e-02,   3.0500000,   19.150000,
NA,G8,5.500000e-01,  33.5500000,  210.650000,5cc1832fa2c3615169989ca7
NA,G9,5.000000e-02,   3.0500000,   19.150000,
