interactor,date,topic,doc_nb,word_nb,char_nb,doc_ids
citizensclimate,2016-04-11,T1, 0.224489796,  2.02040816,  13.6938776,
citizensclimate,2016-04-11,T2, 0.224489796,  2.02040816,  13.6938776,
citizensclimate,2016-04-11,T3, 9.204081633, 82.83673469, 561.4489796,719635824636076032
citizensclimate,2016-04-11,T4, 0.224489796,  2.02040816,  13.6938776,
citizensclimate,2016-04-11,T5, 0.224489796,  2.02040816,  13.6938776,
citizensclimate,2016-04-11,T6, 0.224489796,  2.02040816,  13.6938776,
citizensclimate,2016-04-11,T7, 0.224489796,  2.02040816,  13.6938776,
citizensclimate,2016-04-11,T8, 0.224489796,  2.02040816,  13.6938776,
citizensclimate,2016-04-11,T9, 0.224489796,  2.02040816,  13.6938776,
citizensclimate,2016-04-12,T1, 0.061224490,  0.55102041,   3.7346939,
citizensclimate,2016-04-12,T2, 0.061224490,  0.55102041,   3.7346939,
citizensclimate,2016-04-12,T3, 2.510204082, 22.59183673, 153.1224490,
citizensclimate,2016-04-12,T4, 0.061224490,  0.55102041,   3.7346939,
citizensclimate,2016-04-12,T5, 0.061224490,  0.55102041,   3.7346939,
citizensclimate,2016-04-12,T6, 0.061224490,  0.55102041,   3.7346939,
citizensclimate,2016-04-12,T7, 0.061224490,  0.55102041,   3.7346939,
citizensclimate,2016-04-12,T8, 0.061224490,  0.55102041,   3.7346939,
citizensclimate,2016-04-12,T9, 0.061224490,  0.55102041,   3.7346939,
citizensclimate,2016-04-13,T1, 0.020408163,  0.18367347,   1.2448980,
citizensclimate,2016-04-13,T2, 0.020408163,  0.18367347,   1.2448980,
citizensclimate,2016-04-13,T3, 0.836734694,  7.53061224,  51.0408163,
citizensclimate,2016-04-13,T4, 0.020408163,  0.18367347,   1.2448980,
citizensclimate,2016-04-13,T5, 0.020408163,  0.18367347,   1.2448980,
citizensclimate,2016-04-13,T6, 0.020408163,  0.18367347,   1.2448980,
citizensclimate,2016-04-13,T7, 0.020408163,  0.18367347,   1.2448980,
citizensclimate,2016-04-13,T8, 0.020408163,  0.18367347,   1.2448980,
citizensclimate,2016-04-13,T9, 0.020408163,  0.18367347,   1.2448980,
ClimateReality,2018-04-01,T1, 0.285714286,  5.14285714,  29.4285714,
ClimateReality,2018-04-01,T2, 0.285714286,  5.14285714,  29.4285714,
ClimateReality,2018-04-01,T3, 0.285714286,  5.14285714,  29.4285714,
ClimateReality,2018-04-01,T4, 0.285714286,  5.14285714,  29.4285714,
ClimateReality,2018-04-01,T5, 0.285714286,  5.14285714,  29.4285714,
ClimateReality,2018-04-01,T6, 0.285714286,  5.14285714,  29.4285714,
ClimateReality,2018-04-01,T7, 0.285714286,  5.14285714,  29.4285714,
ClimateReality,2018-04-01,T8, 0.285714286,  5.14285714,  29.4285714,
ClimateReality,2018-04-01,T9,11.714285714,210.85714286,1206.5714286,980545307426553856
ClimateReality,2018-04-02,T1, 0.081632653,  1.46938776,   8.4081633,
ClimateReality,2018-04-02,T2, 0.081632653,  1.46938776,   8.4081633,
ClimateReality,2018-04-02,T3, 0.081632653,  1.46938776,   8.4081633,
ClimateReality,2018-04-02,T4, 0.081632653,  1.46938776,   8.4081633,
ClimateReality,2018-04-02,T5, 0.081632653,  1.46938776,   8.4081633,
ClimateReality,2018-04-02,T6, 0.081632653,  1.46938776,   8.4081633,
ClimateReality,2018-04-02,T7, 0.081632653,  1.46938776,   8.4081633,
ClimateReality,2018-04-02,T8, 0.081632653,  1.46938776,   8.4081633,
ClimateReality,2018-04-02,T9, 3.346938776, 60.24489796, 344.7346939,
ECOWARRIORSS,2018-10-14,T1, 0.196172249,  8.23923445,  49.8277512,
ECOWARRIORSS,2018-10-14,T2, 0.004784689,  0.20095694,   1.2153110,
ECOWARRIORSS,2018-10-14,T3, 0.004784689,  0.20095694,   1.2153110,
ECOWARRIORSS,2018-10-14,T4, 0.052631579,  2.21052632,  13.3684211,
ECOWARRIORSS,2018-10-14,T5, 0.004784689,  0.20095694,   1.2153110,
ECOWARRIORSS,2018-10-14,T6, 0.387559809, 16.27751196,  98.4401914,
ECOWARRIORSS,2018-10-14,T7, 0.004784689,  0.20095694,   1.2153110,
ECOWARRIORSS,2018-10-14,T8, 0.339712919, 14.26794258,  86.2870813,
ECOWARRIORSS,2018-10-14,T9, 0.004784689,  0.20095694,   1.2153110,
MollyJongFast,2017-05-31,T1, 0.060606061,  0.96969697,   6.7272727,
MollyJongFast,2017-05-31,T2, 2.484848485, 39.75757576, 275.8181818,
MollyJongFast,2017-05-31,T3, 0.060606061,  0.96969697,   6.7272727,
MollyJongFast,2017-05-31,T4, 0.060606061,  0.96969697,   6.7272727,
MollyJongFast,2017-05-31,T5, 0.060606061,  0.96969697,   6.7272727,
MollyJongFast,2017-05-31,T6, 0.666666667, 10.66666667,  74.0000000,
MollyJongFast,2017-05-31,T7, 0.060606061,  0.96969697,   6.7272727,
MollyJongFast,2017-05-31,T8, 2.484848485, 39.75757576, 275.8181818,
MollyJongFast,2017-05-31,T9, 0.060606061,  0.96969697,   6.7272727,
OTHER_USERS,2016-01-27,T1, 0.794871795, 14.30769231,  92.2051282,
OTHER_USERS,2016-01-27,T2, 0.025641026,  0.46153846,   2.9743590,
OTHER_USERS,2016-01-27,T3, 0.025641026,  0.46153846,   2.9743590,
OTHER_USERS,2016-01-27,T4, 0.025641026,  0.46153846,   2.9743590,
OTHER_USERS,2016-01-27,T5, 0.025641026,  0.46153846,   2.9743590,
OTHER_USERS,2016-01-27,T6, 0.025641026,  0.46153846,   2.9743590,
OTHER_USERS,2016-01-27,T7, 0.025641026,  0.46153846,   2.9743590,
OTHER_USERS,2016-01-27,T8, 0.025641026,  0.46153846,   2.9743590,
OTHER_USERS,2016-01-27,T9, 0.025641026,  0.46153846,   2.9743590,
OTHER_USERS,2016-04-25,T1, 0.012658228,  0.15189873,   1.0759494,
OTHER_USERS,2016-04-25,T2, 0.645569620,  7.74683544,  54.8734177,
OTHER_USERS,2016-04-25,T3, 0.012658228,  0.15189873,   1.0759494,
OTHER_USERS,2016-04-25,T4, 0.012658228,  0.15189873,   1.0759494,
OTHER_USERS,2016-04-25,T5, 0.012658228,  0.15189873,   1.0759494,
OTHER_USERS,2016-04-25,T6, 0.012658228,  0.15189873,   1.0759494,
OTHER_USERS,2016-04-25,T7, 0.012658228,  0.15189873,   1.0759494,
OTHER_USERS,2016-04-25,T8, 0.012658228,  0.15189873,   1.0759494,
OTHER_USERS,2016-04-25,T9, 0.265822785,  3.18987342,  22.5949367,
OTHER_USERS,2016-04-26,T1, 0.012658228,  0.15189873,   1.0759494,
OTHER_USERS,2016-04-26,T2, 0.645569620,  7.74683544,  54.8734177,
OTHER_USERS,2016-04-26,T3, 0.012658228,  0.15189873,   1.0759494,
OTHER_USERS,2016-04-26,T4, 0.012658228,  0.15189873,   1.0759494,
OTHER_USERS,2016-04-26,T5, 0.012658228,  0.15189873,   1.0759494,
OTHER_USERS,2016-04-26,T6, 0.012658228,  0.15189873,   1.0759494,
OTHER_USERS,2016-04-26,T7, 0.012658228,  0.15189873,   1.0759494,
OTHER_USERS,2016-04-26,T8, 0.012658228,  0.15189873,   1.0759494,
OTHER_USERS,2016-04-26,T9, 0.265822785,  3.18987342,  22.5949367,
OTHER_USERS,2016-06-16,T1, 0.009174312,  0.19266055,   1.3027523,
OTHER_USERS,2016-06-16,T2, 0.009174312,  0.19266055,   1.3027523,
OTHER_USERS,2016-06-16,T3, 0.559633028, 11.75229358,  79.4678899,
OTHER_USERS,2016-06-16,T4, 0.009174312,  0.19266055,   1.3027523,
OTHER_USERS,2016-06-16,T5, 0.009174312,  0.19266055,   1.3027523,
OTHER_USERS,2016-06-16,T6, 0.009174312,  0.19266055,   1.3027523,
OTHER_USERS,2016-06-16,T7, 0.009174312,  0.19266055,   1.3027523,
OTHER_USERS,2016-06-16,T8, 0.009174312,  0.19266055,   1.3027523,
OTHER_USERS,2016-06-16,T9, 0.376146789,  7.89908257,  53.4128440,
OTHER_USERS,2016-07-04,T1, 0.025641026,  0.17948718,   1.1794872,
OTHER_USERS,2016-07-04,T2, 0.025641026,  0.17948718,   1.1794872,
OTHER_USERS,2016-07-04,T3, 0.025641026,  0.17948718,   1.1794872,
OTHER_USERS,2016-07-04,T4, 0.025641026,  0.17948718,   1.1794872,
OTHER_USERS,2016-07-04,T5, 0.025641026,  0.17948718,   1.1794872,
OTHER_USERS,2016-07-04,T6, 0.025641026,  0.17948718,   1.1794872,
OTHER_USERS,2016-07-04,T7, 0.282051282,  1.97435897,  12.9743590,
OTHER_USERS,2016-07-04,T8, 0.025641026,  0.17948718,   1.1794872,
OTHER_USERS,2016-07-04,T9, 0.538461538,  3.76923077,  24.7692308,
OTHER_USERS,2016-07-19,T1, 0.010101010,  0.18181818,   1.1414141,
OTHER_USERS,2016-07-19,T2, 0.010101010,  0.18181818,   1.1414141,
OTHER_USERS,2016-07-19,T3, 0.010101010,  0.18181818,   1.1414141,
OTHER_USERS,2016-07-19,T4, 0.111111111,  2.00000000,  12.5555556,
OTHER_USERS,2016-07-19,T5, 0.313131313,  5.63636364,  35.3838384,
OTHER_USERS,2016-07-19,T6, 0.010101010,  0.18181818,   1.1414141,
OTHER_USERS,2016-07-19,T7, 0.010101010,  0.18181818,   1.1414141,
OTHER_USERS,2016-07-19,T8, 0.515151515,  9.27272727,  58.2121212,
OTHER_USERS,2016-07-19,T9, 0.010101010,  0.18181818,   1.1414141,
OTHER_USERS,2016-12-07,T1, 0.064220183,  1.09174312,   8.9908257,
OTHER_USERS,2016-12-07,T2, 0.064220183,  1.09174312,   8.9908257,
OTHER_USERS,2016-12-07,T3, 1.990825688, 33.84403670, 278.7155963,
OTHER_USERS,2016-12-07,T4, 0.706422018, 12.00917431,  98.8990826,
OTHER_USERS,2016-12-07,T5, 1.348623853, 22.92660550, 188.8073394,
OTHER_USERS,2016-12-07,T6, 2.633027523, 44.76146789, 368.6238532,
OTHER_USERS,2016-12-07,T7, 0.064220183,  1.09174312,   8.9908257,
OTHER_USERS,2016-12-07,T8, 0.064220183,  1.09174312,   8.9908257,
OTHER_USERS,2016-12-07,T9, 0.064220183,  1.09174312,   8.9908257,
OTHER_USERS,2017-02-19,T1, 0.061224490,  0.30612245,   3.3061224,
OTHER_USERS,2017-02-19,T2, 0.061224490,  0.30612245,   3.3061224,
OTHER_USERS,2017-02-19,T3, 0.061224490,  0.30612245,   3.3061224,
OTHER_USERS,2017-02-19,T4, 1.897959184,  9.48979592, 102.4897959,
OTHER_USERS,2017-02-19,T5, 0.061224490,  0.30612245,   3.3061224,
OTHER_USERS,2017-02-19,T6, 0.673469388,  3.36734694,  36.3673469,
OTHER_USERS,2017-02-19,T7, 0.061224490,  0.30612245,   3.3061224,
OTHER_USERS,2017-02-19,T8, 0.061224490,  0.30612245,   3.3061224,
OTHER_USERS,2017-02-19,T9, 0.061224490,  0.30612245,   3.3061224,
OTHER_USERS,2017-04-26,T1, 0.016949153,  0.25423729,   1.5084746,
OTHER_USERS,2017-04-26,T2, 0.016949153,  0.25423729,   1.5084746,
OTHER_USERS,2017-04-26,T3, 0.355932203,  5.33898305,  31.6779661,
OTHER_USERS,2017-04-26,T4, 0.016949153,  0.25423729,   1.5084746,
OTHER_USERS,2017-04-26,T5, 0.016949153,  0.25423729,   1.5084746,
OTHER_USERS,2017-04-26,T6, 0.016949153,  0.25423729,   1.5084746,
OTHER_USERS,2017-04-26,T7, 0.016949153,  0.25423729,   1.5084746,
OTHER_USERS,2017-04-26,T8, 0.016949153,  0.25423729,   1.5084746,
OTHER_USERS,2017-04-26,T9, 0.525423729,  7.88135593,  46.7627119,
OTHER_USERS,2017-05-16,T1, 0.009174312,  0.18348624,   1.3027523,
OTHER_USERS,2017-05-16,T2, 0.009174312,  0.18348624,   1.3027523,
OTHER_USERS,2017-05-16,T3, 0.009174312,  0.18348624,   1.3027523,
OTHER_USERS,2017-05-16,T4, 0.009174312,  0.18348624,   1.3027523,
OTHER_USERS,2017-05-16,T5, 0.009174312,  0.18348624,   1.3027523,
OTHER_USERS,2017-05-16,T6, 0.009174312,  0.18348624,   1.3027523,
OTHER_USERS,2017-05-16,T7, 0.009174312,  0.18348624,   1.3027523,
OTHER_USERS,2017-05-16,T8, 0.926605505, 18.53211009, 131.5779817,
OTHER_USERS,2017-05-16,T9, 0.009174312,  0.18348624,   1.3027523,
OTHER_USERS,2017-05-20,T1, 0.022471910,  0.40449438,   2.5842697,
OTHER_USERS,2017-05-20,T2, 0.022471910,  0.40449438,   2.5842697,
OTHER_USERS,2017-05-20,T3, 0.022471910,  0.40449438,   2.5842697,
OTHER_USERS,2017-05-20,T4, 0.022471910,  0.40449438,   2.5842697,
OTHER_USERS,2017-05-20,T5, 0.022471910,  0.40449438,   2.5842697,
OTHER_USERS,2017-05-20,T6, 1.820224719, 32.76404494, 209.3258427,
OTHER_USERS,2017-05-20,T7, 0.022471910,  0.40449438,   2.5842697,
OTHER_USERS,2017-05-20,T8, 0.022471910,  0.40449438,   2.5842697,
OTHER_USERS,2017-05-20,T9, 0.022471910,  0.40449438,   2.5842697,
OTHER_USERS,2017-06-16,T1, 0.392405063,  5.49367089,  27.8607595,
OTHER_USERS,2017-06-16,T2, 0.265822785,  3.72151899,  18.8734177,
OTHER_USERS,2017-06-16,T3, 0.012658228,  0.17721519,   0.8987342,
OTHER_USERS,2017-06-16,T4, 0.012658228,  0.17721519,   0.8987342,
OTHER_USERS,2017-06-16,T5, 0.012658228,  0.17721519,   0.8987342,
OTHER_USERS,2017-06-16,T6, 0.012658228,  0.17721519,   0.8987342,
OTHER_USERS,2017-06-16,T7, 0.265822785,  3.72151899,  18.8734177,
OTHER_USERS,2017-06-16,T8, 0.012658228,  0.17721519,   0.8987342,
OTHER_USERS,2017-06-16,T9, 0.012658228,  0.17721519,   0.8987342,
OTHER_USERS,2017-07-04,T1, 0.025641026,  0.12820513,   1.1282051,
OTHER_USERS,2017-07-04,T2, 0.025641026,  0.12820513,   1.1282051,
OTHER_USERS,2017-07-04,T3, 0.025641026,  0.12820513,   1.1282051,
OTHER_USERS,2017-07-04,T4, 0.282051282,  1.41025641,  12.4102564,
OTHER_USERS,2017-07-04,T5, 0.025641026,  0.12820513,   1.1282051,
OTHER_USERS,2017-07-04,T6, 0.025641026,  0.12820513,   1.1282051,
OTHER_USERS,2017-07-04,T7, 0.025641026,  0.12820513,   1.1282051,
OTHER_USERS,2017-07-04,T8, 0.538461538,  2.69230769,  23.6923077,
OTHER_USERS,2017-07-04,T9, 0.025641026,  0.12820513,   1.1282051,
OTHER_USERS,2017-09-13,T1, 0.009174312,  0.21100917,   1.2568807,
OTHER_USERS,2017-09-13,T2, 0.009174312,  0.21100917,   1.2568807,
OTHER_USERS,2017-09-13,T3, 0.009174312,  0.21100917,   1.2568807,
OTHER_USERS,2017-09-13,T4, 0.009174312,  0.21100917,   1.2568807,
OTHER_USERS,2017-09-13,T5, 0.009174312,  0.21100917,   1.2568807,
OTHER_USERS,2017-09-13,T6, 0.009174312,  0.21100917,   1.2568807,
OTHER_USERS,2017-09-13,T7, 0.009174312,  0.21100917,   1.2568807,
OTHER_USERS,2017-09-13,T8, 0.926605505, 21.31192661, 126.9449541,
OTHER_USERS,2017-09-13,T9, 0.009174312,  0.21100917,   1.2568807,
OTHER_USERS,2017-10-17,T1, 0.012658228,  0.20253165,   1.2405063,
OTHER_USERS,2017-10-17,T2, 0.265822785,  4.25316456,  26.0506329,
OTHER_USERS,2017-10-17,T3, 0.139240506,  2.22784810,  13.6455696,
OTHER_USERS,2017-10-17,T4, 0.012658228,  0.20253165,   1.2405063,
OTHER_USERS,2017-10-17,T5, 0.012658228,  0.20253165,   1.2405063,
OTHER_USERS,2017-10-17,T6, 0.012658228,  0.20253165,   1.2405063,
OTHER_USERS,2017-10-17,T7, 0.518987342,  8.30379747,  50.8607595,
OTHER_USERS,2017-10-17,T8, 0.012658228,  0.20253165,   1.2405063,
OTHER_USERS,2017-10-17,T9, 0.012658228,  0.20253165,   1.2405063,
OTHER_USERS,2018-01-20,T1, 0.020408163,  0.30612245,   1.8979592,
OTHER_USERS,2018-01-20,T2, 0.020408163,  0.30612245,   1.8979592,
OTHER_USERS,2018-01-20,T3, 0.632653061,  9.48979592,  58.8367347,
OTHER_USERS,2018-01-20,T4, 0.020408163,  0.30612245,   1.8979592,
OTHER_USERS,2018-01-20,T5, 0.020408163,  0.30612245,   1.8979592,
OTHER_USERS,2018-01-20,T6, 0.020408163,  0.30612245,   1.8979592,
OTHER_USERS,2018-01-20,T7, 0.020408163,  0.30612245,   1.8979592,
OTHER_USERS,2018-01-20,T8, 0.020408163,  0.30612245,   1.8979592,
OTHER_USERS,2018-01-20,T9, 0.224489796,  3.36734694,  20.8775510,
OTHER_USERS,2018-03-26,T1, 0.050505051,  0.80808081,   5.8080808,
OTHER_USERS,2018-03-26,T2, 3.585858586, 57.37373737, 412.3737374,
OTHER_USERS,2018-03-26,T3, 0.050505051,  0.80808081,   5.8080808,
OTHER_USERS,2018-03-26,T4, 0.050505051,  0.80808081,   5.8080808,
OTHER_USERS,2018-03-26,T5, 0.050505051,  0.80808081,   5.8080808,
OTHER_USERS,2018-03-26,T6, 0.050505051,  0.80808081,   5.8080808,
OTHER_USERS,2018-03-26,T7, 0.555555556,  8.88888889,  63.8888889,
OTHER_USERS,2018-03-26,T8, 0.050505051,  0.80808081,   5.8080808,
OTHER_USERS,2018-03-26,T9, 0.555555556,  8.88888889,  63.8888889,
OTHER_USERS,2018-03-27,T1, 0.010101010,  0.16161616,   1.1616162,
OTHER_USERS,2018-03-27,T2, 0.717171717, 11.47474747,  82.4747475,
OTHER_USERS,2018-03-27,T3, 0.010101010,  0.16161616,   1.1616162,
OTHER_USERS,2018-03-27,T4, 0.010101010,  0.16161616,   1.1616162,
OTHER_USERS,2018-03-27,T5, 0.010101010,  0.16161616,   1.1616162,
OTHER_USERS,2018-03-27,T6, 0.010101010,  0.16161616,   1.1616162,
OTHER_USERS,2018-03-27,T7, 0.111111111,  1.77777778,  12.7777778,
OTHER_USERS,2018-03-27,T8, 0.010101010,  0.16161616,   1.1616162,
OTHER_USERS,2018-03-27,T9, 0.111111111,  1.77777778,  12.7777778,
OTHER_USERS,2018-07-31,T1, 0.020408163,  0.18367347,   1.3061224,
OTHER_USERS,2018-07-31,T2, 0.836734694,  7.53061224,  53.5510204,
OTHER_USERS,2018-07-31,T3, 0.020408163,  0.18367347,   1.3061224,
OTHER_USERS,2018-07-31,T4, 0.020408163,  0.18367347,   1.3061224,
OTHER_USERS,2018-07-31,T5, 0.020408163,  0.18367347,   1.3061224,
OTHER_USERS,2018-07-31,T6, 0.020408163,  0.18367347,   1.3061224,
OTHER_USERS,2018-07-31,T7, 0.020408163,  0.18367347,   1.3061224,
OTHER_USERS,2018-07-31,T8, 0.020408163,  0.18367347,   1.3061224,
OTHER_USERS,2018-07-31,T9, 0.020408163,  0.18367347,   1.3061224,
OTHER_USERS,2018-10-16,T1, 0.013422819,  0.42953020,   2.5906040,
OTHER_USERS,2018-10-16,T2, 0.416107383, 13.31543624,  80.3087248,
OTHER_USERS,2018-10-16,T3, 0.013422819,  0.42953020,   2.5906040,
OTHER_USERS,2018-10-16,T4, 0.013422819,  0.42953020,   2.5906040,
OTHER_USERS,2018-10-16,T5, 0.013422819,  0.42953020,   2.5906040,
OTHER_USERS,2018-10-16,T6, 0.416107383, 13.31543624,  80.3087248,
OTHER_USERS,2018-10-16,T7, 0.013422819,  0.42953020,   2.5906040,
OTHER_USERS,2018-10-16,T8, 0.013422819,  0.42953020,   2.5906040,
OTHER_USERS,2018-10-16,T9, 1.087248322, 34.79194631, 209.8389262,
OTHER_USERS,2018-10-21,T1, 0.012578616,  0.30188679,   2.0125786,
OTHER_USERS,2018-10-21,T2, 0.012578616,  0.30188679,   2.0125786,
OTHER_USERS,2018-10-21,T3, 0.012578616,  0.30188679,   2.0125786,
OTHER_USERS,2018-10-21,T4, 0.012578616,  0.30188679,   2.0125786,
OTHER_USERS,2018-10-21,T5, 0.012578616,  0.30188679,   2.0125786,
OTHER_USERS,2018-10-21,T6, 0.012578616,  0.30188679,   2.0125786,
OTHER_USERS,2018-10-21,T7, 0.264150943,  6.33962264,  42.2641509,
OTHER_USERS,2018-10-21,T8, 0.012578616,  0.30188679,   2.0125786,
OTHER_USERS,2018-10-21,T9, 1.647798742, 39.54716981, 263.6477987,
OTHER_USERS,2018-10-25,T1, 0.017751479,  0.44378698,   3.1242604,
OTHER_USERS,2018-10-25,T2, 0.017751479,  0.44378698,   3.1242604,
OTHER_USERS,2018-10-25,T3, 1.615384615, 40.38461538, 284.3076923,
OTHER_USERS,2018-10-25,T4, 0.017751479,  0.44378698,   3.1242604,
OTHER_USERS,2018-10-25,T5, 0.195266272,  4.88165680,  34.3668639,
OTHER_USERS,2018-10-25,T6, 0.017751479,  0.44378698,   3.1242604,
OTHER_USERS,2018-10-25,T7, 0.017751479,  0.44378698,   3.1242604,
OTHER_USERS,2018-10-25,T8, 1.082840237, 27.07100592, 190.5798817,
OTHER_USERS,2018-10-25,T9, 0.017751479,  0.44378698,   3.1242604,
OTHER_USERS,2018-11-15,T1, 0.123595506,  1.11235955,  12.3595506,
OTHER_USERS,2018-11-15,T2, 0.011235955,  0.10112360,   1.1235955,
OTHER_USERS,2018-11-15,T3, 0.011235955,  0.10112360,   1.1235955,
OTHER_USERS,2018-11-15,T4, 0.797752809,  7.17977528,  79.7752809,1062954973456084994
OTHER_USERS,2018-11-15,T5, 0.011235955,  0.10112360,   1.1235955,
OTHER_USERS,2018-11-15,T6, 0.011235955,  0.10112360,   1.1235955,
OTHER_USERS,2018-11-15,T7, 0.011235955,  0.10112360,   1.1235955,
OTHER_USERS,2018-11-15,T8, 0.011235955,  0.10112360,   1.1235955,
OTHER_USERS,2018-11-15,T9, 0.011235955,  0.10112360,   1.1235955,
OTHER_USERS,2018-12-30,T1, 1.714285714, 51.42857143, 435.4285714,
OTHER_USERS,2018-12-30,T2, 0.021164021,  0.63492063,   5.3756614,
OTHER_USERS,2018-12-30,T3, 0.021164021,  0.63492063,   5.3756614,
OTHER_USERS,2018-12-30,T4, 1.291005291, 38.73015873, 327.9153439,
OTHER_USERS,2018-12-30,T5, 0.021164021,  0.63492063,   5.3756614,
OTHER_USERS,2018-12-30,T6, 0.021164021,  0.63492063,   5.3756614,
OTHER_USERS,2018-12-30,T7, 0.867724868, 26.03174603, 220.4021164,
OTHER_USERS,2018-12-30,T8, 0.021164021,  0.63492063,   5.3756614,
OTHER_USERS,2018-12-30,T9, 0.021164021,  0.63492063,   5.3756614,
SustainBrands,2016-07-01,T1, 0.014492754,  0.10144928,   0.8405797,
SustainBrands,2016-07-01,T2, 0.014492754,  0.10144928,   0.8405797,
SustainBrands,2016-07-01,T3, 0.014492754,  0.10144928,   0.8405797,
SustainBrands,2016-07-01,T4, 0.014492754,  0.10144928,   0.8405797,
SustainBrands,2016-07-01,T5, 0.594202899,  4.15942029,  34.4637681,
SustainBrands,2016-07-01,T6, 0.159420290,  1.11594203,   9.2463768,
SustainBrands,2016-07-01,T7, 0.159420290,  1.11594203,   9.2463768,
SustainBrands,2016-07-01,T8, 0.014492754,  0.10144928,   0.8405797,
SustainBrands,2016-07-01,T9, 0.014492754,  0.10144928,   0.8405797,
USER_2,2017-06-13,T1, 0.052631579,  0.26315789,   1.7894737,
USER_2,2017-06-13,T2, 0.052631579,  0.26315789,   1.7894737,
USER_2,2017-06-13,T3, 0.052631579,  0.26315789,   1.7894737,
USER_2,2017-06-13,T4, 0.578947368,  2.89473684,  19.6842105,
USER_2,2017-06-13,T5, 0.052631579,  0.26315789,   1.7894737,
USER_2,2017-06-13,T6, 0.052631579,  0.26315789,   1.7894737,
USER_2,2017-06-13,T7, 0.052631579,  0.26315789,   1.7894737,
USER_2,2017-06-13,T8, 0.052631579,  0.26315789,   1.7894737,
USER_2,2017-06-13,T9, 0.052631579,  0.26315789,   1.7894737,
NA,2016-01-13,T1, 0.794871795,  4.76923077,  37.3589744,
NA,2016-01-13,T2, 0.025641026,  0.15384615,   1.2051282,
NA,2016-01-13,T3, 0.025641026,  0.15384615,   1.2051282,
NA,2016-01-13,T4, 0.025641026,  0.15384615,   1.2051282,
NA,2016-01-13,T5, 0.025641026,  0.15384615,   1.2051282,
NA,2016-01-13,T6, 0.025641026,  0.15384615,   1.2051282,
NA,2016-01-13,T7, 0.025641026,  0.15384615,   1.2051282,
NA,2016-01-13,T8, 0.025641026,  0.15384615,   1.2051282,
NA,2016-01-13,T9, 0.025641026,  0.15384615,   1.2051282,
NA,2016-01-17,T1, 0.803275156, 14.46735617,  93.1463047,
NA,2016-01-17,T2, 0.034044387,  0.62120233,   3.9155354,
NA,2016-01-17,T3, 0.034044387,  0.62120233,   3.9155354,
NA,2016-01-17,T4, 0.034044387,  0.62120233,   3.9155354,
NA,2016-01-17,T5, 0.118078000,  2.21784098,  13.3273002,
NA,2016-01-17,T6, 0.118078000,  2.21784098,  13.3273002,
NA,2016-01-17,T7, 0.034044387,  0.62120233,   3.9155354,
NA,2016-01-17,T8, 0.034044387,  0.62120233,   3.9155354,
NA,2016-01-17,T9, 0.790346908, 14.99095023,  88.6214178,
NA,2016-01-26,T1, 0.012658228,  0.22784810,   1.4177215,
NA,2016-01-26,T2, 0.012658228,  0.22784810,   1.4177215,
NA,2016-01-26,T3, 0.012658228,  0.22784810,   1.4177215,
NA,2016-01-26,T4, 0.898734177, 16.17721519, 100.6582278,
NA,2016-01-26,T5, 0.012658228,  0.22784810,   1.4177215,
NA,2016-01-26,T6, 0.012658228,  0.22784810,   1.4177215,
NA,2016-01-26,T7, 0.012658228,  0.22784810,   1.4177215,
NA,2016-01-26,T8, 0.012658228,  0.22784810,   1.4177215,
NA,2016-01-26,T9, 0.012658228,  0.22784810,   1.4177215,
NA,2016-01-30,T1, 0.011235955,  0.15730337,   0.8651685,
NA,2016-01-30,T2, 0.011235955,  0.15730337,   0.8651685,
NA,2016-01-30,T3, 0.123595506,  1.73033708,   9.5168539,
NA,2016-01-30,T4, 0.011235955,  0.15730337,   0.8651685,
NA,2016-01-30,T5, 0.011235955,  0.15730337,   0.8651685,
NA,2016-01-30,T6, 0.011235955,  0.15730337,   0.8651685,
NA,2016-01-30,T7, 0.797752809, 11.16853933,  61.4269663,
NA,2016-01-30,T8, 0.011235955,  0.15730337,   0.8651685,
NA,2016-01-30,T9, 0.011235955,  0.15730337,   0.8651685,
NA,2016-03-08,T1, 0.012658228,  0.22784810,   1.1392405,
NA,2016-03-08,T2, 0.012658228,  0.22784810,   1.1392405,
NA,2016-03-08,T3, 0.012658228,  0.22784810,   1.1392405,
NA,2016-03-08,T4, 0.139240506,  2.50632911,  12.5316456,
NA,2016-03-08,T5, 0.265822785,  4.78481013,  23.9240506,
NA,2016-03-08,T6, 0.012658228,  0.22784810,   1.1392405,
NA,2016-03-08,T7, 0.012658228,  0.22784810,   1.1392405,
NA,2016-03-08,T8, 0.012658228,  0.22784810,   1.1392405,
NA,2016-03-08,T9, 0.518987342,  9.34177215,  46.7088608,
NA,2016-04-06,T1, 0.052631579,  0.05263158,   0.8421053,
NA,2016-04-06,T2, 0.052631579,  0.05263158,   0.8421053,
NA,2016-04-06,T3, 0.052631579,  0.05263158,   0.8421053,
NA,2016-04-06,T4, 0.052631579,  0.05263158,   0.8421053,
NA,2016-04-06,T5, 0.052631579,  0.05263158,   0.8421053,
NA,2016-04-06,T6, 0.052631579,  0.05263158,   0.8421053,
NA,2016-04-06,T7, 0.052631579,  0.05263158,   0.8421053,
NA,2016-04-06,T8, 0.052631579,  0.05263158,   0.8421053,
NA,2016-04-06,T9, 0.578947368,  0.57894737,   9.2631579,
NA,2016-04-07,T1, 0.010101010,  0.16161616,   0.8888889,
NA,2016-04-07,T2, 0.010101010,  0.16161616,   0.8888889,
NA,2016-04-07,T3, 0.919191919, 14.70707071,  80.8888889,
NA,2016-04-07,T4, 0.010101010,  0.16161616,   0.8888889,
NA,2016-04-07,T5, 0.010101010,  0.16161616,   0.8888889,
NA,2016-04-07,T6, 0.010101010,  0.16161616,   0.8888889,
NA,2016-04-07,T7, 0.010101010,  0.16161616,   0.8888889,
NA,2016-04-07,T8, 0.010101010,  0.16161616,   0.8888889,
NA,2016-04-07,T9, 0.010101010,  0.16161616,   0.8888889,
NA,2016-04-08,T1, 0.020408163,  0.40816327,   2.2857143,
NA,2016-04-08,T2, 0.020408163,  0.40816327,   2.2857143,
NA,2016-04-08,T3, 0.020408163,  0.40816327,   2.2857143,
NA,2016-04-08,T4, 0.020408163,  0.40816327,   2.2857143,
NA,2016-04-08,T5, 0.020408163,  0.40816327,   2.2857143,
NA,2016-04-08,T6, 0.020408163,  0.40816327,   2.2857143,
NA,2016-04-08,T7, 0.428571429,  8.57142857,  48.0000000,
NA,2016-04-08,T8, 0.428571429,  8.57142857,  48.0000000,
NA,2016-04-08,T9, 0.020408163,  0.40816327,   2.2857143,
NA,2016-04-11,T1, 0.020408163,  0.18367347,   1.2448980,
NA,2016-04-11,T2, 0.020408163,  0.18367347,   1.2448980,
NA,2016-04-11,T3, 0.836734694,  7.53061224,  51.0408163,719578416362713088
NA,2016-04-11,T4, 0.020408163,  0.18367347,   1.2448980,
NA,2016-04-11,T5, 0.020408163,  0.18367347,   1.2448980,
NA,2016-04-11,T6, 0.020408163,  0.18367347,   1.2448980,
NA,2016-04-11,T7, 0.020408163,  0.18367347,   1.2448980,
NA,2016-04-11,T8, 0.020408163,  0.18367347,   1.2448980,
NA,2016-04-11,T9, 0.020408163,  0.18367347,   1.2448980,
NA,2016-04-25,T1, 0.012658228,  0.15189873,   1.0759494,
NA,2016-04-25,T2, 0.645569620,  7.74683544,  54.8734177,
NA,2016-04-25,T3, 0.012658228,  0.15189873,   1.0759494,
NA,2016-04-25,T4, 0.012658228,  0.15189873,   1.0759494,
NA,2016-04-25,T5, 0.012658228,  0.15189873,   1.0759494,
NA,2016-04-25,T6, 0.012658228,  0.15189873,   1.0759494,
NA,2016-04-25,T7, 0.012658228,  0.15189873,   1.0759494,
NA,2016-04-25,T8, 0.012658228,  0.15189873,   1.0759494,
NA,2016-04-25,T9, 0.265822785,  3.18987342,  22.5949367,
NA,2016-06-16,T1, 0.009174312,  0.19266055,   1.3027523,
NA,2016-06-16,T2, 0.009174312,  0.19266055,   1.3027523,
NA,2016-06-16,T3, 0.559633028, 11.75229358,  79.4678899,
NA,2016-06-16,T4, 0.009174312,  0.19266055,   1.3027523,
NA,2016-06-16,T5, 0.009174312,  0.19266055,   1.3027523,
NA,2016-06-16,T6, 0.009174312,  0.19266055,   1.3027523,
NA,2016-06-16,T7, 0.009174312,  0.19266055,   1.3027523,
NA,2016-06-16,T8, 0.009174312,  0.19266055,   1.3027523,
NA,2016-06-16,T9, 0.376146789,  7.89908257,  53.4128440,
NA,2016-06-19,T1, 0.016949153,  0.15254237,   0.9322034,
NA,2016-06-19,T2, 0.186440678,  1.67796610,  10.2542373,
NA,2016-06-19,T3, 0.016949153,  0.15254237,   0.9322034,
NA,2016-06-19,T4, 0.016949153,  0.15254237,   0.9322034,
NA,2016-06-19,T5, 0.694915254,  6.25423729,  38.2203390,
NA,2016-06-19,T6, 0.016949153,  0.15254237,   0.9322034,
NA,2016-06-19,T7, 0.016949153,  0.15254237,   0.9322034,
NA,2016-06-19,T8, 0.016949153,  0.15254237,   0.9322034,
NA,2016-06-19,T9, 0.016949153,  0.15254237,   0.9322034,
NA,2016-07-01,T1, 0.014492754,  0.10144928,   0.8405797,
NA,2016-07-01,T2, 0.014492754,  0.10144928,   0.8405797,
NA,2016-07-01,T3, 0.014492754,  0.10144928,   0.8405797,
NA,2016-07-01,T4, 0.014492754,  0.10144928,   0.8405797,
NA,2016-07-01,T5, 0.594202899,  4.15942029,  34.4637681,748763105321070593
NA,2016-07-01,T6, 0.159420290,  1.11594203,   9.2463768,
NA,2016-07-01,T7, 0.159420290,  1.11594203,   9.2463768,
NA,2016-07-01,T8, 0.014492754,  0.10144928,   0.8405797,
NA,2016-07-01,T9, 0.014492754,  0.10144928,   0.8405797,
NA,2016-07-04,T1, 0.025641026,  0.17948718,   1.1794872,
NA,2016-07-04,T2, 0.025641026,  0.17948718,   1.1794872,
NA,2016-07-04,T3, 0.025641026,  0.17948718,   1.1794872,
NA,2016-07-04,T4, 0.025641026,  0.17948718,   1.1794872,
NA,2016-07-04,T5, 0.025641026,  0.17948718,   1.1794872,
NA,2016-07-04,T6, 0.025641026,  0.17948718,   1.1794872,
NA,2016-07-04,T7, 0.282051282,  1.97435897,  12.9743590,
NA,2016-07-04,T8, 0.025641026,  0.17948718,   1.1794872,
NA,2016-07-04,T9, 0.538461538,  3.76923077,  24.7692308,
NA,2016-07-05,T1, 0.449275362,  3.59420290,  24.2608696,
NA,2016-07-05,T2, 0.014492754,  0.11594203,   0.7826087,
NA,2016-07-05,T3, 0.014492754,  0.11594203,   0.7826087,
NA,2016-07-05,T4, 0.014492754,  0.11594203,   0.7826087,
NA,2016-07-05,T5, 0.014492754,  0.11594203,   0.7826087,
NA,2016-07-05,T6, 0.014492754,  0.11594203,   0.7826087,
NA,2016-07-05,T7, 0.014492754,  0.11594203,   0.7826087,
NA,2016-07-05,T8, 0.014492754,  0.11594203,   0.7826087,
NA,2016-07-05,T9, 0.449275362,  3.59420290,  24.2608696,
NA,2016-07-19,T1, 0.010101010,  0.18181818,   1.1414141,
NA,2016-07-19,T2, 0.010101010,  0.18181818,   1.1414141,
NA,2016-07-19,T3, 0.010101010,  0.18181818,   1.1414141,
NA,2016-07-19,T4, 0.111111111,  2.00000000,  12.5555556,
NA,2016-07-19,T5, 0.313131313,  5.63636364,  35.3838384,
NA,2016-07-19,T6, 0.010101010,  0.18181818,   1.1414141,
NA,2016-07-19,T7, 0.010101010,  0.18181818,   1.1414141,
NA,2016-07-19,T8, 0.515151515,  9.27272727,  58.2121212,
NA,2016-07-19,T9, 0.010101010,  0.18181818,   1.1414141,
NA,2016-10-02,T1, 0.025641026,  0.12820513,   0.9230769,
NA,2016-10-02,T2, 0.025641026,  0.12820513,   0.9230769,
NA,2016-10-02,T3, 0.538461538,  2.69230769,  19.3846154,782563349372493824
NA,2016-10-02,T4, 0.025641026,  0.12820513,   0.9230769,
NA,2016-10-02,T5, 0.025641026,  0.12820513,   0.9230769,
NA,2016-10-02,T6, 0.025641026,  0.12820513,   0.9230769,
NA,2016-10-02,T7, 0.282051282,  1.41025641,  10.1538462,
NA,2016-10-02,T8, 0.025641026,  0.12820513,   0.9230769,
NA,2016-10-02,T9, 0.025641026,  0.12820513,   0.9230769,
NA,2016-10-19,T1, 0.020408163,  0.14285714,   1.0204082,
NA,2016-10-19,T2, 0.632653061,  4.42857143,  31.6326531,
NA,2016-10-19,T3, 0.020408163,  0.14285714,   1.0204082,
NA,2016-10-19,T4, 0.020408163,  0.14285714,   1.0204082,
NA,2016-10-19,T5, 0.020408163,  0.14285714,   1.0204082,
NA,2016-10-19,T6, 0.020408163,  0.14285714,   1.0204082,
NA,2016-10-19,T7, 0.020408163,  0.14285714,   1.0204082,
NA,2016-10-19,T8, 0.020408163,  0.14285714,   1.0204082,
NA,2016-10-19,T9, 0.224489796,  1.57142857,  11.2244898,
NA,2016-11-08,T1, 0.009174312,  0.17431193,   1.2293578,
NA,2016-11-08,T2, 0.009174312,  0.17431193,   1.2293578,
NA,2016-11-08,T3, 0.009174312,  0.17431193,   1.2293578,
NA,2016-11-08,T4, 0.009174312,  0.17431193,   1.2293578,
NA,2016-11-08,T5, 0.009174312,  0.17431193,   1.2293578,
NA,2016-11-08,T6, 0.009174312,  0.17431193,   1.2293578,
NA,2016-11-08,T7, 0.009174312,  0.17431193,   1.2293578,
NA,2016-11-08,T8, 0.009174312,  0.17431193,   1.2293578,
NA,2016-11-08,T9, 0.926605505, 17.60550459, 124.1651376,
NA,2016-11-19,T1, 0.010101010,  0.18181818,   1.1414141,
NA,2016-11-19,T2, 0.010101010,  0.18181818,   1.1414141,
NA,2016-11-19,T3, 0.010101010,  0.18181818,   1.1414141,
NA,2016-11-19,T4, 0.010101010,  0.18181818,   1.1414141,
NA,2016-11-19,T5, 0.111111111,  2.00000000,  12.5555556,
NA,2016-11-19,T6, 0.010101010,  0.18181818,   1.1414141,
NA,2016-11-19,T7, 0.515151515,  9.27272727,  58.2121212,
NA,2016-11-19,T8, 0.313131313,  5.63636364,  35.3838384,
NA,2016-11-19,T9, 0.010101010,  0.18181818,   1.1414141,
NA,2016-12-07,T1, 0.009174312,  0.15596330,   1.2844037,
NA,2016-12-07,T2, 0.009174312,  0.15596330,   1.2844037,
NA,2016-12-07,T3, 0.284403670,  4.83486239,  39.8165138,
NA,2016-12-07,T4, 0.100917431,  1.71559633,  14.1284404,
NA,2016-12-07,T5, 0.192660550,  3.27522936,  26.9724771,
NA,2016-12-07,T6, 0.376146789,  6.39449541,  52.6605505,
NA,2016-12-07,T7, 0.009174312,  0.15596330,   1.2844037,
NA,2016-12-07,T8, 0.009174312,  0.15596330,   1.2844037,
NA,2016-12-07,T9, 0.009174312,  0.15596330,   1.2844037,
NA,2016-12-12,T1, 0.111111111,  0.11111111,   0.3333333,
NA,2016-12-12,T2, 0.111111111,  0.11111111,   0.3333333,
NA,2016-12-12,T3, 0.111111111,  0.11111111,   0.3333333,
NA,2016-12-12,T4, 0.111111111,  0.11111111,   0.3333333,
NA,2016-12-12,T5, 0.111111111,  0.11111111,   0.3333333,
NA,2016-12-12,T6, 0.111111111,  0.11111111,   0.3333333,
NA,2016-12-12,T7, 0.111111111,  0.11111111,   0.3333333,
NA,2016-12-12,T8, 0.111111111,  0.11111111,   0.3333333,
NA,2016-12-12,T9, 0.111111111,  0.11111111,   0.3333333,
NA,2016-12-26,T1, 0.011235955,  0.19101124,   1.1685393,
NA,2016-12-26,T2, 0.011235955,  0.19101124,   1.1685393,
NA,2016-12-26,T3, 0.460674157,  7.83146067,  47.9101124,
NA,2016-12-26,T4, 0.123595506,  2.10112360,  12.8539326,
NA,2016-12-26,T5, 0.011235955,  0.19101124,   1.1685393,
NA,2016-12-26,T6, 0.348314607,  5.92134831,  36.2247191,
NA,2016-12-26,T7, 0.011235955,  0.19101124,   1.1685393,
NA,2016-12-26,T8, 0.011235955,  0.19101124,   1.1685393,
NA,2016-12-26,T9, 0.011235955,  0.19101124,   1.1685393,
NA,2017-02-19,T1, 0.020408163,  0.10204082,   1.1020408,
NA,2017-02-19,T2, 0.020408163,  0.10204082,   1.1020408,
NA,2017-02-19,T3, 0.020408163,  0.10204082,   1.1020408,
NA,2017-02-19,T4, 0.632653061,  3.16326531,  34.1632653,
NA,2017-02-19,T5, 0.020408163,  0.10204082,   1.1020408,
NA,2017-02-19,T6, 0.224489796,  1.12244898,  12.1224490,
NA,2017-02-19,T7, 0.020408163,  0.10204082,   1.1020408,
NA,2017-02-19,T8, 0.020408163,  0.10204082,   1.1020408,
NA,2017-02-19,T9, 0.020408163,  0.10204082,   1.1020408,
NA,2017-03-02,T1, 0.009174312,  0.22935780,   1.2844037,
NA,2017-03-02,T2, 0.009174312,  0.22935780,   1.2844037,
NA,2017-03-02,T3, 0.009174312,  0.22935780,   1.2844037,
NA,2017-03-02,T4, 0.100917431,  2.52293578,  14.1284404,
NA,2017-03-02,T5, 0.009174312,  0.22935780,   1.2844037,
NA,2017-03-02,T6, 0.009174312,  0.22935780,   1.2844037,
NA,2017-03-02,T7, 0.009174312,  0.22935780,   1.2844037,
NA,2017-03-02,T8, 0.467889908, 11.69724771,  65.5045872,
NA,2017-03-02,T9, 0.376146789,  9.40366972,  52.6605505,
NA,2017-03-09,T1, 0.034482759,  0.34482759,   1.8620690,
NA,2017-03-09,T2, 0.034482759,  0.34482759,   1.8620690,
NA,2017-03-09,T3, 0.034482759,  0.34482759,   1.8620690,
NA,2017-03-09,T4, 0.034482759,  0.34482759,   1.8620690,
NA,2017-03-09,T5, 0.724137931,  7.24137931,  39.1034483,
NA,2017-03-09,T6, 0.034482759,  0.34482759,   1.8620690,
NA,2017-03-09,T7, 0.034482759,  0.34482759,   1.8620690,
NA,2017-03-09,T8, 0.034482759,  0.34482759,   1.8620690,
NA,2017-03-09,T9, 0.034482759,  0.34482759,   1.8620690,
NA,2017-03-27,T1, 0.014492754,  0.11594203,   0.9855072,
NA,2017-03-27,T2, 0.884057971,  7.07246377,  60.1159420,
NA,2017-03-27,T3, 0.014492754,  0.11594203,   0.9855072,
NA,2017-03-27,T4, 0.014492754,  0.11594203,   0.9855072,
NA,2017-03-27,T5, 0.014492754,  0.11594203,   0.9855072,
NA,2017-03-27,T6, 0.014492754,  0.11594203,   0.9855072,
NA,2017-03-27,T7, 0.014492754,  0.11594203,   0.9855072,
NA,2017-03-27,T8, 0.014492754,  0.11594203,   0.9855072,
NA,2017-03-27,T9, 0.014492754,  0.11594203,   0.9855072,
NA,2017-04-02,T1, 0.009174312,  0.18348624,   1.3027523,
NA,2017-04-02,T2, 0.009174312,  0.18348624,   1.3027523,
NA,2017-04-02,T3, 0.009174312,  0.18348624,   1.3027523,
NA,2017-04-02,T4, 0.009174312,  0.18348624,   1.3027523,
NA,2017-04-02,T5, 0.009174312,  0.18348624,   1.3027523,
NA,2017-04-02,T6, 0.009174312,  0.18348624,   1.3027523,
NA,2017-04-02,T7, 0.009174312,  0.18348624,   1.3027523,
NA,2017-04-02,T8, 0.926605505, 18.53211009, 131.5779817,
NA,2017-04-02,T9, 0.009174312,  0.18348624,   1.3027523,
NA,2017-04-03,T1, 0.016949153,  0.25423729,   1.5084746,
NA,2017-04-03,T2, 0.016949153,  0.25423729,   1.5084746,
NA,2017-04-03,T3, 0.355932203,  5.33898305,  31.6779661,
NA,2017-04-03,T4, 0.016949153,  0.25423729,   1.5084746,
NA,2017-04-03,T5, 0.016949153,  0.25423729,   1.5084746,
NA,2017-04-03,T6, 0.016949153,  0.25423729,   1.5084746,
NA,2017-04-03,T7, 0.016949153,  0.25423729,   1.5084746,
NA,2017-04-03,T8, 0.016949153,  0.25423729,   1.5084746,
NA,2017-04-03,T9, 0.525423729,  7.88135593,  46.7627119,
NA,2017-05-08,T1, 0.014492754,  0.14492754,   0.9130435,
NA,2017-05-08,T2, 0.014492754,  0.14492754,   0.9130435,
NA,2017-05-08,T3, 0.014492754,  0.14492754,   0.9130435,
NA,2017-05-08,T4, 0.014492754,  0.14492754,   0.9130435,
NA,2017-05-08,T5, 0.884057971,  8.84057971,  55.6956522,
NA,2017-05-08,T6, 0.014492754,  0.14492754,   0.9130435,
NA,2017-05-08,T7, 0.014492754,  0.14492754,   0.9130435,
NA,2017-05-08,T8, 0.014492754,  0.14492754,   0.9130435,
NA,2017-05-08,T9, 0.014492754,  0.14492754,   0.9130435,
NA,2017-05-18,T1, 0.926605505, 13.89908257, 107.4862385,
NA,2017-05-18,T2, 0.009174312,  0.13761468,   1.0642202,
NA,2017-05-18,T3, 0.009174312,  0.13761468,   1.0642202,
NA,2017-05-18,T4, 0.009174312,  0.13761468,   1.0642202,
NA,2017-05-18,T5, 0.009174312,  0.13761468,   1.0642202,
NA,2017-05-18,T6, 0.009174312,  0.13761468,   1.0642202,
NA,2017-05-18,T7, 0.009174312,  0.13761468,   1.0642202,
NA,2017-05-18,T8, 0.009174312,  0.13761468,   1.0642202,
NA,2017-05-18,T9, 0.009174312,  0.13761468,   1.0642202,
NA,2017-05-20,T1, 0.011235955,  0.20224719,   1.2921348,
NA,2017-05-20,T2, 0.011235955,  0.20224719,   1.2921348,
NA,2017-05-20,T3, 0.011235955,  0.20224719,   1.2921348,
NA,2017-05-20,T4, 0.011235955,  0.20224719,   1.2921348,
NA,2017-05-20,T5, 0.011235955,  0.20224719,   1.2921348,
NA,2017-05-20,T6, 0.910112360, 16.38202247, 104.6629213,
NA,2017-05-20,T7, 0.011235955,  0.20224719,   1.2921348,
NA,2017-05-20,T8, 0.011235955,  0.20224719,   1.2921348,
NA,2017-05-20,T9, 0.011235955,  0.20224719,   1.2921348,
NA,2017-05-23,T1, 0.034482759,  0.13793103,   1.0344828,
NA,2017-05-23,T2, 0.034482759,  0.13793103,   1.0344828,
NA,2017-05-23,T3, 0.379310345,  1.51724138,  11.3793103,
NA,2017-05-23,T4, 0.034482759,  0.13793103,   1.0344828,
NA,2017-05-23,T5, 0.034482759,  0.13793103,   1.0344828,
NA,2017-05-23,T6, 0.379310345,  1.51724138,  11.3793103,
NA,2017-05-23,T7, 0.034482759,  0.13793103,   1.0344828,
NA,2017-05-23,T8, 0.034482759,  0.13793103,   1.0344828,
NA,2017-05-23,T9, 0.034482759,  0.13793103,   1.0344828,
NA,2017-05-31,T1, 0.010101010,  0.16161616,   1.1212121,
NA,2017-05-31,T2, 0.414141414,  6.62626263,  45.9696970,869889750358007809
NA,2017-05-31,T3, 0.010101010,  0.16161616,   1.1212121,
NA,2017-05-31,T4, 0.010101010,  0.16161616,   1.1212121,
NA,2017-05-31,T5, 0.010101010,  0.16161616,   1.1212121,
NA,2017-05-31,T6, 0.111111111,  1.77777778,  12.3333333,
NA,2017-05-31,T7, 0.010101010,  0.16161616,   1.1212121,
NA,2017-05-31,T8, 0.414141414,  6.62626263,  45.9696970,
NA,2017-05-31,T9, 0.010101010,  0.16161616,   1.1212121,
NA,2017-06-02,T1, 0.031644118,  0.35634029,   2.1522587,
NA,2017-06-02,T2, 0.031644118,  0.35634029,   2.1522587,
NA,2017-06-02,T3, 0.031644118,  0.35634029,   2.1522587,
NA,2017-06-02,T4, 0.643889016,  4.64205457,  30.3155240,
NA,2017-06-02,T5, 0.705801422, 13.16532905,  74.9612474,
NA,2017-06-02,T6, 0.031644118,  0.35634029,   2.1522587,
NA,2017-06-02,T7, 0.460444852,  6.05457464,  35.8096767,
NA,2017-06-02,T8, 0.031644118,  0.35634029,   2.1522587,
NA,2017-06-02,T9, 0.031644118,  0.35634029,   2.1522587,
NA,2017-06-04,T1, 0.008403361,  0.14285714,   0.9579832,
NA,2017-06-04,T2, 0.008403361,  0.14285714,   0.9579832,
NA,2017-06-04,T3, 0.008403361,  0.14285714,   0.9579832,
NA,2017-06-04,T4, 0.008403361,  0.14285714,   0.9579832,
NA,2017-06-04,T5, 0.848739496, 14.42857143,  96.7563025,
NA,2017-06-04,T6, 0.008403361,  0.14285714,   0.9579832,
NA,2017-06-04,T7, 0.092436975,  1.57142857,  10.5378151,
NA,2017-06-04,T8, 0.008403361,  0.14285714,   0.9579832,
NA,2017-06-04,T9, 0.008403361,  0.14285714,   0.9579832,
NA,2017-06-06,T1, 0.009174312,  0.15596330,   1.3027523,
NA,2017-06-06,T2, 0.100917431,  1.71559633,  14.3302752,
NA,2017-06-06,T3, 0.009174312,  0.15596330,   1.3027523,
NA,2017-06-06,T4, 0.559633028,  9.51376147,  79.4678899,
NA,2017-06-06,T5, 0.192660550,  3.27522936,  27.3577982,
NA,2017-06-06,T6, 0.009174312,  0.15596330,   1.3027523,
NA,2017-06-06,T7, 0.009174312,  0.15596330,   1.3027523,
NA,2017-06-06,T8, 0.100917431,  1.71559633,  14.3302752,
NA,2017-06-06,T9, 0.009174312,  0.15596330,   1.3027523,
NA,2017-06-13,T1, 0.052631579,  0.26315789,   1.7894737,
NA,2017-06-13,T2, 0.052631579,  0.26315789,   1.7894737,
NA,2017-06-13,T3, 0.052631579,  0.26315789,   1.7894737,
NA,2017-06-13,T4, 0.578947368,  2.89473684,  19.6842105,874590496815009793
NA,2017-06-13,T5, 0.052631579,  0.26315789,   1.7894737,
NA,2017-06-13,T6, 0.052631579,  0.26315789,   1.7894737,
NA,2017-06-13,T7, 0.052631579,  0.26315789,   1.7894737,
NA,2017-06-13,T8, 0.052631579,  0.26315789,   1.7894737,
NA,2017-06-13,T9, 0.052631579,  0.26315789,   1.7894737,
NA,2017-06-15,T1, 0.392405063,  5.49367089,  27.8607595,
NA,2017-06-15,T2, 0.265822785,  3.72151899,  18.8734177,
NA,2017-06-15,T3, 0.012658228,  0.17721519,   0.8987342,
NA,2017-06-15,T4, 0.012658228,  0.17721519,   0.8987342,
NA,2017-06-15,T5, 0.012658228,  0.17721519,   0.8987342,
NA,2017-06-15,T6, 0.012658228,  0.17721519,   0.8987342,
NA,2017-06-15,T7, 0.265822785,  3.72151899,  18.8734177,
NA,2017-06-15,T8, 0.012658228,  0.17721519,   0.8987342,
NA,2017-06-15,T9, 0.012658228,  0.17721519,   0.8987342,
NA,2017-06-30,T1, 0.034482759,  0.37931034,   2.2758621,
NA,2017-06-30,T2, 0.034482759,  0.37931034,   2.2758621,
NA,2017-06-30,T3, 0.034482759,  0.37931034,   2.2758621,
NA,2017-06-30,T4, 0.034482759,  0.37931034,   2.2758621,
NA,2017-06-30,T5, 0.034482759,  0.37931034,   2.2758621,
NA,2017-06-30,T6, 0.034482759,  0.37931034,   2.2758621,
NA,2017-06-30,T7, 0.034482759,  0.37931034,   2.2758621,
NA,2017-06-30,T8, 0.724137931,  7.96551724,  47.7931034,
NA,2017-06-30,T9, 0.034482759,  0.37931034,   2.2758621,
NA,2017-07-04,T1, 0.025641026,  0.12820513,   1.1282051,
NA,2017-07-04,T2, 0.025641026,  0.12820513,   1.1282051,
NA,2017-07-04,T3, 0.025641026,  0.12820513,   1.1282051,
NA,2017-07-04,T4, 0.282051282,  1.41025641,  12.4102564,
NA,2017-07-04,T5, 0.025641026,  0.12820513,   1.1282051,
NA,2017-07-04,T6, 0.025641026,  0.12820513,   1.1282051,
NA,2017-07-04,T7, 0.025641026,  0.12820513,   1.1282051,
NA,2017-07-04,T8, 0.538461538,  2.69230769,  23.6923077,
NA,2017-07-04,T9, 0.025641026,  0.12820513,   1.1282051,
NA,2017-07-08,T1, 0.011235955,  0.20224719,   1.2584270,
NA,2017-07-08,T2, 0.460674157,  8.29213483,  51.5955056,
NA,2017-07-08,T3, 0.011235955,  0.20224719,   1.2584270,
NA,2017-07-08,T4, 0.011235955,  0.20224719,   1.2584270,
NA,2017-07-08,T5, 0.011235955,  0.20224719,   1.2584270,
NA,2017-07-08,T6, 0.011235955,  0.20224719,   1.2584270,
NA,2017-07-08,T7, 0.011235955,  0.20224719,   1.2584270,
NA,2017-07-08,T8, 0.011235955,  0.20224719,   1.2584270,
NA,2017-07-08,T9, 0.460674157,  8.29213483,  51.5955056,
NA,2017-07-13,T1, 0.016949153,  0.25423729,   1.5423729,
NA,2017-07-13,T2, 0.016949153,  0.25423729,   1.5423729,
NA,2017-07-13,T3, 0.016949153,  0.25423729,   1.5423729,
NA,2017-07-13,T4, 0.016949153,  0.25423729,   1.5423729,
NA,2017-07-13,T5, 0.016949153,  0.25423729,   1.5423729,
NA,2017-07-13,T6, 0.016949153,  0.25423729,   1.5423729,
NA,2017-07-13,T7, 0.355932203,  5.33898305,  32.3898305,
NA,2017-07-13,T8, 0.525423729,  7.88135593,  47.8135593,
NA,2017-07-13,T9, 0.016949153,  0.25423729,   1.5423729,
NA,2017-07-20,T1, 0.009174312,  0.14678899,   1.2568807,
NA,2017-07-20,T2, 0.009174312,  0.14678899,   1.2568807,
NA,2017-07-20,T3, 0.009174312,  0.14678899,   1.2568807,
NA,2017-07-20,T4, 0.284403670,  4.55045872,  38.9633028,
NA,2017-07-20,T5, 0.651376147, 10.42201835,  89.2385321,
NA,2017-07-20,T6, 0.009174312,  0.14678899,   1.2568807,
NA,2017-07-20,T7, 0.009174312,  0.14678899,   1.2568807,
NA,2017-07-20,T8, 0.009174312,  0.14678899,   1.2568807,
NA,2017-07-20,T9, 0.009174312,  0.14678899,   1.2568807,
NA,2017-08-08,T1, 0.010101010,  0.16161616,   0.9191919,
NA,2017-08-08,T2, 0.010101010,  0.16161616,   0.9191919,
NA,2017-08-08,T3, 0.010101010,  0.16161616,   0.9191919,
NA,2017-08-08,T4, 0.010101010,  0.16161616,   0.9191919,
NA,2017-08-08,T5, 0.919191919, 14.70707071,  83.6464646,
NA,2017-08-08,T6, 0.010101010,  0.16161616,   0.9191919,
NA,2017-08-08,T7, 0.010101010,  0.16161616,   0.9191919,
NA,2017-08-08,T8, 0.010101010,  0.16161616,   0.9191919,
NA,2017-08-08,T9, 0.010101010,  0.16161616,   0.9191919,
NA,2017-08-09,T1, 0.355932203,  3.91525424,  24.2033898,
NA,2017-08-09,T2, 0.016949153,  0.18644068,   1.1525424,
NA,2017-08-09,T3, 0.016949153,  0.18644068,   1.1525424,
NA,2017-08-09,T4, 0.186440678,  2.05084746,  12.6779661,
NA,2017-08-09,T5, 0.186440678,  2.05084746,  12.6779661,
NA,2017-08-09,T6, 0.016949153,  0.18644068,   1.1525424,
NA,2017-08-09,T7, 0.186440678,  2.05084746,  12.6779661,
NA,2017-08-09,T8, 0.016949153,  0.18644068,   1.1525424,
NA,2017-08-09,T9, 0.016949153,  0.18644068,   1.1525424,
NA,2017-08-21,T1, 0.011235955,  0.16853933,   1.2134831,
NA,2017-08-21,T2, 0.011235955,  0.16853933,   1.2134831,
NA,2017-08-21,T3, 0.011235955,  0.16853933,   1.2134831,
NA,2017-08-21,T4, 0.011235955,  0.16853933,   1.2134831,
NA,2017-08-21,T5, 0.910112360, 13.65168539,  98.2921348,
NA,2017-08-21,T6, 0.011235955,  0.16853933,   1.2134831,
NA,2017-08-21,T7, 0.011235955,  0.16853933,   1.2134831,
NA,2017-08-21,T8, 0.011235955,  0.16853933,   1.2134831,
NA,2017-08-21,T9, 0.011235955,  0.16853933,   1.2134831,
NA,2017-08-22,T1, 0.012658228,  0.11392405,   0.7974684,
NA,2017-08-22,T2, 0.012658228,  0.11392405,   0.7974684,
NA,2017-08-22,T3, 0.139240506,  1.25316456,   8.7721519,
NA,2017-08-22,T4, 0.392405063,  3.53164557,  24.7215190,
NA,2017-08-22,T5, 0.392405063,  3.53164557,  24.7215190,
NA,2017-08-22,T6, 0.012658228,  0.11392405,   0.7974684,
NA,2017-08-22,T7, 0.012658228,  0.11392405,   0.7974684,
NA,2017-08-22,T8, 0.012658228,  0.11392405,   0.7974684,
NA,2017-08-22,T9, 0.012658228,  0.11392405,   0.7974684,
NA,2017-08-29,T1, 0.007194245,  0.17985612,   1.2805755,
NA,2017-08-29,T2, 0.510791367, 12.76978417,  90.9208633,
NA,2017-08-29,T3, 0.007194245,  0.17985612,   1.2805755,
NA,2017-08-29,T4, 0.151079137,  3.77697842,  26.8920863,
NA,2017-08-29,T5, 0.007194245,  0.17985612,   1.2805755,
NA,2017-08-29,T6, 0.007194245,  0.17985612,   1.2805755,
NA,2017-08-29,T7, 0.294964029,  7.37410072,  52.5035971,
NA,2017-08-29,T8, 0.007194245,  0.17985612,   1.2805755,
NA,2017-08-29,T9, 0.007194245,  0.17985612,   1.2805755,
NA,2017-09-01,T1, 0.717171717, 11.47474747,  71.0000000,
NA,2017-09-01,T2, 0.212121212,  3.39393939,  21.0000000,
NA,2017-09-01,T3, 0.010101010,  0.16161616,   1.0000000,
NA,2017-09-01,T4, 0.010101010,  0.16161616,   1.0000000,
NA,2017-09-01,T5, 0.010101010,  0.16161616,   1.0000000,
NA,2017-09-01,T6, 0.010101010,  0.16161616,   1.0000000,
NA,2017-09-01,T7, 0.010101010,  0.16161616,   1.0000000,
NA,2017-09-01,T8, 0.010101010,  0.16161616,   1.0000000,
NA,2017-09-01,T9, 0.010101010,  0.16161616,   1.0000000,
NA,2017-09-12,T1, 0.019275322,  0.34232231,   2.2063757,
NA,2017-09-12,T2, 0.019275322,  0.34232231,   2.2063757,
NA,2017-09-12,T3, 0.019275322,  0.34232231,   2.2063757,
NA,2017-09-12,T4, 0.928366231, 12.16050412,  87.6609211,
NA,2017-09-12,T5, 0.019275322,  0.34232231,   2.2063757,
NA,2017-09-12,T6, 0.019275322,  0.34232231,   2.2063757,
NA,2017-09-12,T7, 0.019275322,  0.34232231,   2.2063757,
NA,2017-09-12,T8, 0.936706515, 21.44323974, 127.8944491,
NA,2017-09-12,T9, 0.019275322,  0.34232231,   2.2063757,
NA,2017-09-14,T1, 0.009174312,  0.19266055,   1.1467890,
NA,2017-09-14,T2, 0.192660550,  4.04587156,  24.0825688,
NA,2017-09-14,T3, 0.651376147, 13.67889908,  81.4220183,
NA,2017-09-14,T4, 0.009174312,  0.19266055,   1.1467890,
NA,2017-09-14,T5, 0.009174312,  0.19266055,   1.1467890,
NA,2017-09-14,T6, 0.009174312,  0.19266055,   1.1467890,
NA,2017-09-14,T7, 0.009174312,  0.19266055,   1.1467890,
NA,2017-09-14,T8, 0.100917431,  2.11926606,  12.6146789,
NA,2017-09-14,T9, 0.009174312,  0.19266055,   1.1467890,
NA,2017-10-17,T1, 0.012658228,  0.20253165,   1.2405063,
NA,2017-10-17,T2, 0.265822785,  4.25316456,  26.0506329,
NA,2017-10-17,T3, 0.139240506,  2.22784810,  13.6455696,
NA,2017-10-17,T4, 0.012658228,  0.20253165,   1.2405063,
NA,2017-10-17,T5, 0.012658228,  0.20253165,   1.2405063,
NA,2017-10-17,T6, 0.012658228,  0.20253165,   1.2405063,
NA,2017-10-17,T7, 0.518987342,  8.30379747,  50.8607595,
NA,2017-10-17,T8, 0.012658228,  0.20253165,   1.2405063,
NA,2017-10-17,T9, 0.012658228,  0.20253165,   1.2405063,
NA,2017-10-18,T1, 0.111111111,  2.22222222,  13.7777778,
NA,2017-10-18,T2, 0.010101010,  0.20202020,   1.2525253,
NA,2017-10-18,T3, 0.414141414,  8.28282828,  51.3535354,
NA,2017-10-18,T4, 0.010101010,  0.20202020,   1.2525253,
NA,2017-10-18,T5, 0.111111111,  2.22222222,  13.7777778,
NA,2017-10-18,T6, 0.010101010,  0.20202020,   1.2525253,
NA,2017-10-18,T7, 0.313131313,  6.26262626,  38.8282828,
NA,2017-10-18,T8, 0.010101010,  0.20202020,   1.2525253,
NA,2017-10-18,T9, 0.010101010,  0.20202020,   1.2525253,
NA,2017-11-09,T1, 0.016949153,  0.13559322,   0.9322034,
NA,2017-11-09,T2, 0.016949153,  0.13559322,   0.9322034,
NA,2017-11-09,T3, 0.016949153,  0.13559322,   0.9322034,
NA,2017-11-09,T4, 0.016949153,  0.13559322,   0.9322034,
NA,2017-11-09,T5, 0.016949153,  0.13559322,   0.9322034,
NA,2017-11-09,T6, 0.016949153,  0.13559322,   0.9322034,
NA,2017-11-09,T7, 0.694915254,  5.55932203,  38.2203390,928766098060738562
NA,2017-11-09,T8, 0.016949153,  0.13559322,   0.9322034,
NA,2017-11-09,T9, 0.186440678,  1.49152542,  10.2542373,
NA,2017-11-13,T1, 0.009174312,  0.21100917,   1.3027523,
NA,2017-11-13,T2, 0.009174312,  0.21100917,   1.3027523,
NA,2017-11-13,T3, 0.009174312,  0.21100917,   1.3027523,
NA,2017-11-13,T4, 0.009174312,  0.21100917,   1.3027523,
NA,2017-11-13,T5, 0.009174312,  0.21100917,   1.3027523,
NA,2017-11-13,T6, 0.100917431,  2.32110092,  14.3302752,
NA,2017-11-13,T7, 0.009174312,  0.21100917,   1.3027523,
NA,2017-11-13,T8, 0.009174312,  0.21100917,   1.3027523,
NA,2017-11-13,T9, 0.834862385, 19.20183486, 118.5504587,
NA,2017-12-06,T1, 0.014492754,  0.11594203,   0.8840580,
NA,2017-12-06,T2, 0.014492754,  0.11594203,   0.8840580,
NA,2017-12-06,T3, 0.014492754,  0.11594203,   0.8840580,
NA,2017-12-06,T4, 0.014492754,  0.11594203,   0.8840580,
NA,2017-12-06,T5, 0.014492754,  0.11594203,   0.8840580,
NA,2017-12-06,T6, 0.304347826,  2.43478261,  18.5652174,
NA,2017-12-06,T7, 0.014492754,  0.11594203,   0.8840580,
NA,2017-12-06,T8, 0.014492754,  0.11594203,   0.8840580,
NA,2017-12-06,T9, 0.594202899,  4.75362319,  36.2463768,
NA,2017-12-07,T1, 0.025641026,  0.15384615,   1.2051282,
NA,2017-12-07,T2, 0.282051282,  1.69230769,  13.2564103,
NA,2017-12-07,T3, 0.025641026,  0.15384615,   1.2051282,
NA,2017-12-07,T4, 0.025641026,  0.15384615,   1.2051282,
NA,2017-12-07,T5, 0.025641026,  0.15384615,   1.2051282,
NA,2017-12-07,T6, 0.025641026,  0.15384615,   1.2051282,
NA,2017-12-07,T7, 0.025641026,  0.15384615,   1.2051282,
NA,2017-12-07,T8, 0.025641026,  0.15384615,   1.2051282,
NA,2017-12-07,T9, 0.538461538,  3.23076923,  25.3076923,
NA,2018-01-03,T1, 0.008403361,  0.26050420,   1.5462185,
NA,2018-01-03,T2, 0.680672269, 21.10084034, 125.2436975,
NA,2018-01-03,T3, 0.008403361,  0.26050420,   1.5462185,
NA,2018-01-03,T4, 0.008403361,  0.26050420,   1.5462185,
NA,2018-01-03,T5, 0.008403361,  0.26050420,   1.5462185,
NA,2018-01-03,T6, 0.260504202,  8.07563025,  47.9327731,
NA,2018-01-03,T7, 0.008403361,  0.26050420,   1.5462185,
NA,2018-01-03,T8, 0.008403361,  0.26050420,   1.5462185,
NA,2018-01-03,T9, 0.008403361,  0.26050420,   1.5462185,
NA,2018-01-18,T1, 0.020408163,  0.30612245,   1.8979592,
NA,2018-01-18,T2, 0.020408163,  0.30612245,   1.8979592,
NA,2018-01-18,T3, 0.632653061,  9.48979592,  58.8367347,
NA,2018-01-18,T4, 0.020408163,  0.30612245,   1.8979592,
NA,2018-01-18,T5, 0.020408163,  0.30612245,   1.8979592,
NA,2018-01-18,T6, 0.020408163,  0.30612245,   1.8979592,
NA,2018-01-18,T7, 0.020408163,  0.30612245,   1.8979592,
NA,2018-01-18,T8, 0.020408163,  0.30612245,   1.8979592,
NA,2018-01-18,T9, 0.224489796,  3.36734694,  20.8775510,
NA,2018-02-19,T1, 0.632653061, 10.12244898,  49.3469388,
NA,2018-02-19,T2, 0.020408163,  0.32653061,   1.5918367,
NA,2018-02-19,T3, 0.020408163,  0.32653061,   1.5918367,
NA,2018-02-19,T4, 0.224489796,  3.59183673,  17.5102041,
NA,2018-02-19,T5, 0.020408163,  0.32653061,   1.5918367,
NA,2018-02-19,T6, 0.020408163,  0.32653061,   1.5918367,
NA,2018-02-19,T7, 0.020408163,  0.32653061,   1.5918367,
NA,2018-02-19,T8, 0.020408163,  0.32653061,   1.5918367,
NA,2018-02-19,T9, 0.020408163,  0.32653061,   1.5918367,
NA,2018-02-27,T1, 0.008403361,  0.12605042,   1.1176471,
NA,2018-02-27,T2, 0.008403361,  0.12605042,   1.1176471,
NA,2018-02-27,T3, 0.176470588,  2.64705882,  23.4705882,
NA,2018-02-27,T4, 0.092436975,  1.38655462,  12.2941176,
NA,2018-02-27,T5, 0.008403361,  0.12605042,   1.1176471,
NA,2018-02-27,T6, 0.008403361,  0.12605042,   1.1176471,
NA,2018-02-27,T7, 0.680672269, 10.21008403,  90.5294118,
NA,2018-02-27,T8, 0.008403361,  0.12605042,   1.1176471,
NA,2018-02-27,T9, 0.008403361,  0.12605042,   1.1176471,
NA,2018-03-25,T1, 0.007194245,  0.22302158,   1.2517986,
NA,2018-03-25,T2, 0.223021583,  6.91366906,  38.8057554,
NA,2018-03-25,T3, 0.007194245,  0.22302158,   1.2517986,
NA,2018-03-25,T4, 0.079136691,  2.45323741,  13.7697842,
NA,2018-03-25,T5, 0.007194245,  0.22302158,   1.2517986,
NA,2018-03-25,T6, 0.510791367, 15.83453237,  88.8776978,
NA,2018-03-25,T7, 0.007194245,  0.22302158,   1.2517986,
NA,2018-03-25,T8, 0.151079137,  4.68345324,  26.2877698,
NA,2018-03-25,T9, 0.007194245,  0.22302158,   1.2517986,
NA,2018-03-26,T1, 0.010101010,  0.16161616,   1.1616162,
NA,2018-03-26,T2, 0.717171717, 11.47474747,  82.4747475,
NA,2018-03-26,T3, 0.010101010,  0.16161616,   1.1616162,
NA,2018-03-26,T4, 0.010101010,  0.16161616,   1.1616162,
NA,2018-03-26,T5, 0.010101010,  0.16161616,   1.1616162,
NA,2018-03-26,T6, 0.010101010,  0.16161616,   1.1616162,
NA,2018-03-26,T7, 0.111111111,  1.77777778,  12.7777778,
NA,2018-03-26,T8, 0.010101010,  0.16161616,   1.1616162,
NA,2018-03-26,T9, 0.111111111,  1.77777778,  12.7777778,
NA,2018-04-01,T1, 0.020408163,  0.36734694,   2.1020408,
NA,2018-04-01,T2, 0.020408163,  0.36734694,   2.1020408,
NA,2018-04-01,T3, 0.020408163,  0.36734694,   2.1020408,
NA,2018-04-01,T4, 0.020408163,  0.36734694,   2.1020408,
NA,2018-04-01,T5, 0.020408163,  0.36734694,   2.1020408,
NA,2018-04-01,T6, 0.020408163,  0.36734694,   2.1020408,
NA,2018-04-01,T7, 0.020408163,  0.36734694,   2.1020408,
NA,2018-04-01,T8, 0.020408163,  0.36734694,   2.1020408,
NA,2018-04-01,T9, 0.836734694, 15.06122449,  86.1836735,980544595464474625
NA,2018-04-06,T1, 0.005586592,  0.12290503,   1.4189944,
NA,2018-04-06,T2, 0.005586592,  0.12290503,   1.4189944,
NA,2018-04-06,T3, 0.843575419, 18.55865922, 214.2681564,
NA,2018-04-06,T4, 0.005586592,  0.12290503,   1.4189944,
NA,2018-04-06,T5, 0.005586592,  0.12290503,   1.4189944,
NA,2018-04-06,T6, 0.117318436,  2.58100559,  29.7988827,
NA,2018-04-06,T7, 0.005586592,  0.12290503,   1.4189944,
NA,2018-04-06,T8, 0.005586592,  0.12290503,   1.4189944,
NA,2018-04-06,T9, 0.005586592,  0.12290503,   1.4189944,
NA,2018-04-12,T1, 0.034482759,  0.24137931,   1.4827586,
NA,2018-04-12,T2, 0.034482759,  0.24137931,   1.4827586,
NA,2018-04-12,T3, 0.034482759,  0.24137931,   1.4827586,
NA,2018-04-12,T4, 0.034482759,  0.24137931,   1.4827586,
NA,2018-04-12,T5, 0.034482759,  0.24137931,   1.4827586,
NA,2018-04-12,T6, 0.034482759,  0.24137931,   1.4827586,
NA,2018-04-12,T7, 0.724137931,  5.06896552,  31.1379310,984319007116447744
NA,2018-04-12,T8, 0.034482759,  0.24137931,   1.4827586,
NA,2018-04-12,T9, 0.034482759,  0.24137931,   1.4827586,
NA,2018-04-23,T1, 0.213389121,  8.53556485,  53.9874477,
NA,2018-04-23,T2, 0.046025105,  1.84100418,  11.6443515,
NA,2018-04-23,T3, 0.004184100,  0.16736402,   1.0585774,
NA,2018-04-23,T4, 0.129707113,  5.18828452,  32.8158996,
NA,2018-04-23,T5, 0.004184100,  0.16736402,   1.0585774,
NA,2018-04-23,T6, 0.004184100,  0.16736402,   1.0585774,
NA,2018-04-23,T7, 0.004184100,  0.16736402,   1.0585774,
NA,2018-04-23,T8, 0.046025105,  1.84100418,  11.6443515,
NA,2018-04-23,T9, 0.548117155, 21.92468619, 138.6736402,
NA,2018-05-08,T1, 0.016949153,  0.13559322,   1.0000000,
NA,2018-05-08,T2, 0.016949153,  0.13559322,   1.0000000,
NA,2018-05-08,T3, 0.186440678,  1.49152542,  11.0000000,
NA,2018-05-08,T4, 0.186440678,  1.49152542,  11.0000000,
NA,2018-05-08,T5, 0.016949153,  0.13559322,   1.0000000,
NA,2018-05-08,T6, 0.016949153,  0.13559322,   1.0000000,
NA,2018-05-08,T7, 0.016949153,  0.13559322,   1.0000000,
NA,2018-05-08,T8, 0.525423729,  4.20338983,  31.0000000,
NA,2018-05-08,T9, 0.016949153,  0.13559322,   1.0000000,
NA,2018-05-19,T1, 0.016949153,  0.11864407,   0.9661017,
NA,2018-05-19,T2, 0.016949153,  0.11864407,   0.9661017,
NA,2018-05-19,T3, 0.864406780,  6.05084746,  49.2711864,
NA,2018-05-19,T4, 0.016949153,  0.11864407,   0.9661017,
NA,2018-05-19,T5, 0.016949153,  0.11864407,   0.9661017,
NA,2018-05-19,T6, 0.016949153,  0.11864407,   0.9661017,
NA,2018-05-19,T7, 0.016949153,  0.11864407,   0.9661017,
NA,2018-05-19,T8, 0.016949153,  0.11864407,   0.9661017,
NA,2018-05-19,T9, 0.016949153,  0.11864407,   0.9661017,
NA,2018-05-30,T1, 0.025641026,  0.20512821,   1.4358974,
NA,2018-05-30,T2, 0.025641026,  0.20512821,   1.4358974,
NA,2018-05-30,T3, 0.025641026,  0.20512821,   1.4358974,
NA,2018-05-30,T4, 0.025641026,  0.20512821,   1.4358974,
NA,2018-05-30,T5, 0.025641026,  0.20512821,   1.4358974,
NA,2018-05-30,T6, 0.025641026,  0.20512821,   1.4358974,
NA,2018-05-30,T7, 0.794871795,  6.35897436,  44.5128205,
NA,2018-05-30,T8, 0.025641026,  0.20512821,   1.4358974,
NA,2018-05-30,T9, 0.025641026,  0.20512821,   1.4358974,
NA,2018-06-30,T1, 0.011235955,  0.11235955,   0.8539326,
NA,2018-06-30,T2, 0.348314607,  3.48314607,  26.4719101,
NA,2018-06-30,T3, 0.011235955,  0.11235955,   0.8539326,
NA,2018-06-30,T4, 0.235955056,  2.35955056,  17.9325843,
NA,2018-06-30,T5, 0.011235955,  0.11235955,   0.8539326,
NA,2018-06-30,T6, 0.011235955,  0.11235955,   0.8539326,
NA,2018-06-30,T7, 0.348314607,  3.48314607,  26.4719101,
NA,2018-06-30,T8, 0.011235955,  0.11235955,   0.8539326,
NA,2018-06-30,T9, 0.011235955,  0.11235955,   0.8539326,
NA,2018-07-27,T1, 0.008403361,  0.17647059,   1.1848739,
NA,2018-07-27,T2, 0.428571429,  9.00000000,  60.4285714,
NA,2018-07-27,T3, 0.428571429,  9.00000000,  60.4285714,
NA,2018-07-27,T4, 0.008403361,  0.17647059,   1.1848739,
NA,2018-07-27,T5, 0.008403361,  0.17647059,   1.1848739,
NA,2018-07-27,T6, 0.092436975,  1.94117647,  13.0336134,
NA,2018-07-27,T7, 0.008403361,  0.17647059,   1.1848739,
NA,2018-07-27,T8, 0.008403361,  0.17647059,   1.1848739,
NA,2018-07-27,T9, 0.008403361,  0.17647059,   1.1848739,
NA,2018-07-31,T1, 0.020408163,  0.18367347,   1.3061224,
NA,2018-07-31,T2, 0.836734694,  7.53061224,  53.5510204,
NA,2018-07-31,T3, 0.020408163,  0.18367347,   1.3061224,
NA,2018-07-31,T4, 0.020408163,  0.18367347,   1.3061224,
NA,2018-07-31,T5, 0.020408163,  0.18367347,   1.3061224,
NA,2018-07-31,T6, 0.020408163,  0.18367347,   1.3061224,
NA,2018-07-31,T7, 0.020408163,  0.18367347,   1.3061224,
NA,2018-07-31,T8, 0.020408163,  0.18367347,   1.3061224,
NA,2018-07-31,T9, 0.020408163,  0.18367347,   1.3061224,
NA,2018-08-25,T1, 0.012658228,  0.15189873,   0.8860759,
NA,2018-08-25,T2, 0.012658228,  0.15189873,   0.8860759,
NA,2018-08-25,T3, 0.012658228,  0.15189873,   0.8860759,
NA,2018-08-25,T4, 0.139240506,  1.67088608,   9.7468354,
NA,2018-08-25,T5, 0.012658228,  0.15189873,   0.8860759,
NA,2018-08-25,T6, 0.645569620,  7.74683544,  45.1898734,
NA,2018-08-25,T7, 0.139240506,  1.67088608,   9.7468354,
NA,2018-08-25,T8, 0.012658228,  0.15189873,   0.8860759,
NA,2018-08-25,T9, 0.012658228,  0.15189873,   0.8860759,
NA,2018-08-27,T1, 0.016949153,  0.16949153,   1.2711864,
NA,2018-08-27,T2, 0.016949153,  0.16949153,   1.2711864,
NA,2018-08-27,T3, 0.016949153,  0.16949153,   1.2711864,
NA,2018-08-27,T4, 0.525423729,  5.25423729,  39.4067797,
NA,2018-08-27,T5, 0.016949153,  0.16949153,   1.2711864,
NA,2018-08-27,T6, 0.016949153,  0.16949153,   1.2711864,
NA,2018-08-27,T7, 0.186440678,  1.86440678,  13.9830508,
NA,2018-08-27,T8, 0.186440678,  1.86440678,  13.9830508,
NA,2018-08-27,T9, 0.016949153,  0.16949153,   1.2711864,
NA,2018-08-31,T1, 0.052631579,  0.05263158,   0.2631579,
NA,2018-08-31,T2, 0.052631579,  0.05263158,   0.2631579,
NA,2018-08-31,T3, 0.052631579,  0.05263158,   0.2631579,
NA,2018-08-31,T4, 0.052631579,  0.05263158,   0.2631579,
NA,2018-08-31,T5, 0.052631579,  0.05263158,   0.2631579,
NA,2018-08-31,T6, 0.578947368,  0.57894737,   2.8947368,
NA,2018-08-31,T7, 0.052631579,  0.05263158,   0.2631579,
NA,2018-08-31,T8, 0.052631579,  0.05263158,   0.2631579,
NA,2018-08-31,T9, 0.052631579,  0.05263158,   0.2631579,
NA,2018-09-10,T1, 0.460674157,  5.98876404,  37.7752809,
NA,2018-09-10,T2, 0.011235955,  0.14606742,   0.9213483,
NA,2018-09-10,T3, 0.123595506,  1.60674157,  10.1348315,
NA,2018-09-10,T4, 0.011235955,  0.14606742,   0.9213483,
NA,2018-09-10,T5, 0.011235955,  0.14606742,   0.9213483,
NA,2018-09-10,T6, 0.348314607,  4.52808989,  28.5617978,
NA,2018-09-10,T7, 0.011235955,  0.14606742,   0.9213483,
NA,2018-09-10,T8, 0.011235955,  0.14606742,   0.9213483,
NA,2018-09-10,T9, 0.011235955,  0.14606742,   0.9213483,
NA,2018-09-18,T1, 0.008403361,  0.25210084,   1.3949580,
NA,2018-09-18,T2, 0.176470588,  5.29411765,  29.2941176,
NA,2018-09-18,T3, 0.008403361,  0.25210084,   1.3949580,
NA,2018-09-18,T4, 0.008403361,  0.25210084,   1.3949580,
NA,2018-09-18,T5, 0.008403361,  0.25210084,   1.3949580,
NA,2018-09-18,T6, 0.008403361,  0.25210084,   1.3949580,
NA,2018-09-18,T7, 0.680672269, 20.42016807, 112.9915966,
NA,2018-09-18,T8, 0.092436975,  2.77310924,  15.3445378,
NA,2018-09-18,T9, 0.008403361,  0.25210084,   1.3949580,
NA,2018-10-08,T1, 0.020408163,  0.22448980,   1.2653061,
NA,2018-10-08,T2, 0.632653061,  6.95918367,  39.2244898,
NA,2018-10-08,T3, 0.020408163,  0.22448980,   1.2653061,
NA,2018-10-08,T4, 0.020408163,  0.22448980,   1.2653061,
NA,2018-10-08,T5, 0.224489796,  2.46938776,  13.9183673,
NA,2018-10-08,T6, 0.020408163,  0.22448980,   1.2653061,
NA,2018-10-08,T7, 0.020408163,  0.22448980,   1.2653061,
NA,2018-10-08,T8, 0.020408163,  0.22448980,   1.2653061,
NA,2018-10-08,T9, 0.020408163,  0.22448980,   1.2653061,
NA,2018-10-14,T1, 0.196172249,  8.23923445,  49.8277512,
NA,2018-10-14,T2, 0.004784689,  0.20095694,   1.2153110,
NA,2018-10-14,T3, 0.004784689,  0.20095694,   1.2153110,
NA,2018-10-14,T4, 0.052631579,  2.21052632,  13.3684211,
NA,2018-10-14,T5, 0.004784689,  0.20095694,   1.2153110,
NA,2018-10-14,T6, 0.387559809, 16.27751196,  98.4401914,1051599708802768898
NA,2018-10-14,T7, 0.004784689,  0.20095694,   1.2153110,
NA,2018-10-14,T8, 0.339712919, 14.26794258,  86.2870813,
NA,2018-10-14,T9, 0.004784689,  0.20095694,   1.2153110,
NA,2018-10-16,T1, 0.013422819,  0.49664430,   3.0067114,
NA,2018-10-16,T2, 0.416107383, 15.39597315,  93.2080537,
NA,2018-10-16,T3, 0.147651007,  6.13422819,  37.2348993,
NA,2018-10-16,T4, 0.550335570, 23.04697987, 139.9194631,
NA,2018-10-16,T5, 0.080536913,  3.31543624,  20.1208054,
NA,2018-10-16,T6, 0.214765101,  6.93959732,  41.8657718,
NA,2018-10-16,T7, 0.013422819,  0.49664430,   3.0067114,
NA,2018-10-16,T8, 0.013422819,  0.49664430,   3.0067114,
NA,2018-10-16,T9, 0.550335570, 17.67785235, 106.6308725,
NA,2018-10-21,T1, 0.006289308,  0.15094340,   1.0062893,
NA,2018-10-21,T2, 0.006289308,  0.15094340,   1.0062893,
NA,2018-10-21,T3, 0.006289308,  0.15094340,   1.0062893,
NA,2018-10-21,T4, 0.006289308,  0.15094340,   1.0062893,
NA,2018-10-21,T5, 0.006289308,  0.15094340,   1.0062893,
NA,2018-10-21,T6, 0.006289308,  0.15094340,   1.0062893,
NA,2018-10-21,T7, 0.132075472,  3.16981132,  21.1320755,
NA,2018-10-21,T8, 0.006289308,  0.15094340,   1.0062893,
NA,2018-10-21,T9, 0.823899371, 19.77358491, 131.8238994,
NA,2018-10-25,T1, 0.005917160,  0.14792899,   1.0414201,
NA,2018-10-25,T2, 0.005917160,  0.14792899,   1.0414201,
NA,2018-10-25,T3, 0.538461538, 13.46153846,  94.7692308,
NA,2018-10-25,T4, 0.005917160,  0.14792899,   1.0414201,
NA,2018-10-25,T5, 0.065088757,  1.62721893,  11.4556213,
NA,2018-10-25,T6, 0.005917160,  0.14792899,   1.0414201,
NA,2018-10-25,T7, 0.005917160,  0.14792899,   1.0414201,
NA,2018-10-25,T8, 0.360946746,  9.02366864,  63.5266272,
NA,2018-10-25,T9, 0.005917160,  0.14792899,   1.0414201,
NA,2018-11-02,T1, 0.009174312,  0.20183486,   1.1834862,
NA,2018-11-02,T2, 0.009174312,  0.20183486,   1.1834862,
NA,2018-11-02,T3, 0.009174312,  0.20183486,   1.1834862,
NA,2018-11-02,T4, 0.009174312,  0.20183486,   1.1834862,
NA,2018-11-02,T5, 0.009174312,  0.20183486,   1.1834862,
NA,2018-11-02,T6, 0.926605505, 20.38532110, 119.5321101,
NA,2018-11-02,T7, 0.009174312,  0.20183486,   1.1834862,
NA,2018-11-02,T8, 0.009174312,  0.20183486,   1.1834862,
NA,2018-11-02,T9, 0.009174312,  0.20183486,   1.1834862,
NA,2018-11-15,T1, 0.123595506,  1.11235955,  12.3595506,
NA,2018-11-15,T2, 0.011235955,  0.10112360,   1.1235955,
NA,2018-11-15,T3, 0.011235955,  0.10112360,   1.1235955,
NA,2018-11-15,T4, 0.797752809,  7.17977528,  79.7752809,
NA,2018-11-15,T5, 0.011235955,  0.10112360,   1.1235955,
NA,2018-11-15,T6, 0.011235955,  0.10112360,   1.1235955,
NA,2018-11-15,T7, 0.011235955,  0.10112360,   1.1235955,
NA,2018-11-15,T8, 0.011235955,  0.10112360,   1.1235955,
NA,2018-11-15,T9, 0.011235955,  0.10112360,   1.1235955,
NA,2018-11-19,T1, 0.525423729,  7.88135593,  40.4576271,
NA,2018-11-19,T2, 0.016949153,  0.25423729,   1.3050847,
NA,2018-11-19,T3, 0.016949153,  0.25423729,   1.3050847,
NA,2018-11-19,T4, 0.016949153,  0.25423729,   1.3050847,
NA,2018-11-19,T5, 0.016949153,  0.25423729,   1.3050847,
NA,2018-11-19,T6, 0.016949153,  0.25423729,   1.3050847,
NA,2018-11-19,T7, 0.016949153,  0.25423729,   1.3050847,
NA,2018-11-19,T8, 0.016949153,  0.25423729,   1.3050847,
NA,2018-11-19,T9, 0.355932203,  5.33898305,  27.4067797,
NA,2018-11-26,T1, 0.006289308,  0.23270440,   1.3773585,
NA,2018-11-26,T2, 0.006289308,  0.23270440,   1.3773585,
NA,2018-11-26,T3, 0.257861635,  9.54088050,  56.4716981,
NA,2018-11-26,T4, 0.572327044, 21.17610063, 125.3396226,
NA,2018-11-26,T5, 0.006289308,  0.23270440,   1.3773585,
NA,2018-11-26,T6, 0.006289308,  0.23270440,   1.3773585,
NA,2018-11-26,T7, 0.006289308,  0.23270440,   1.3773585,
NA,2018-11-26,T8, 0.006289308,  0.23270440,   1.3773585,
NA,2018-11-26,T9, 0.132075472,  4.88679245,  28.9245283,
NA,2018-12-02,T1, 0.011235955,  0.13483146,   1.1797753,
NA,2018-12-02,T2, 0.011235955,  0.13483146,   1.1797753,
NA,2018-12-02,T3, 0.011235955,  0.13483146,   1.1797753,
NA,2018-12-02,T4, 0.348314607,  4.17977528,  36.5730337,
NA,2018-12-02,T5, 0.235955056,  2.83146067,  24.7752809,
NA,2018-12-02,T6, 0.011235955,  0.13483146,   1.1797753,
NA,2018-12-02,T7, 0.348314607,  4.17977528,  36.5730337,
NA,2018-12-02,T8, 0.011235955,  0.13483146,   1.1797753,
NA,2018-12-02,T9, 0.011235955,  0.13483146,   1.1797753,
NA,2018-12-30,T1, 0.428571429, 12.85714286, 108.8571429,
NA,2018-12-30,T2, 0.005291005,  0.15873016,   1.3439153,
NA,2018-12-30,T3, 0.005291005,  0.15873016,   1.3439153,
NA,2018-12-30,T4, 0.322751323,  9.68253968,  81.9788360,
NA,2018-12-30,T5, 0.005291005,  0.15873016,   1.3439153,
NA,2018-12-30,T6, 0.005291005,  0.15873016,   1.3439153,
NA,2018-12-30,T7, 0.216931217,  6.50793651,  55.1005291,
NA,2018-12-30,T8, 0.005291005,  0.15873016,   1.3439153,
NA,2018-12-30,T9, 0.005291005,  0.15873016,   1.3439153,
NA,2019-02-16,T1, 0.014492754,  0.40579710,   2.2463768,
NA,2019-02-16,T2, 0.014492754,  0.40579710,   2.2463768,
NA,2019-02-16,T3, 0.014492754,  0.40579710,   2.2463768,
NA,2019-02-16,T4, 0.014492754,  0.40579710,   2.2463768,
NA,2019-02-16,T5, 0.014492754,  0.40579710,   2.2463768,
NA,2019-02-16,T6, 0.159420290,  4.46376812,  24.7101449,
NA,2019-02-16,T7, 0.594202899, 16.63768116,  92.1014493,
NA,2019-02-16,T8, 0.159420290,  4.46376812,  24.7101449,
NA,2019-02-16,T9, 0.014492754,  0.40579710,   2.2463768,
NA,2019-03-10,T1, 0.011235955,  0.24719101,   1.4494382,
NA,2019-03-10,T2, 0.910112360, 20.02247191, 117.4044944,
NA,2019-03-10,T3, 0.011235955,  0.24719101,   1.4494382,
NA,2019-03-10,T4, 0.011235955,  0.24719101,   1.4494382,
NA,2019-03-10,T5, 0.011235955,  0.24719101,   1.4494382,
NA,2019-03-10,T6, 0.011235955,  0.24719101,   1.4494382,
NA,2019-03-10,T7, 0.011235955,  0.24719101,   1.4494382,
NA,2019-03-10,T8, 0.011235955,  0.24719101,   1.4494382,
NA,2019-03-10,T9, 0.011235955,  0.24719101,   1.4494382,
NA,2019-03-13,T1, 0.005025126,  0.21608040,   1.2562814,
NA,2019-03-13,T2, 0.005025126,  0.21608040,   1.2562814,
NA,2019-03-13,T3, 0.005025126,  0.21608040,   1.2562814,
NA,2019-03-13,T4, 0.758793970, 32.62814070, 189.6984925,
NA,2019-03-13,T5, 0.005025126,  0.21608040,   1.2562814,
NA,2019-03-13,T6, 0.005025126,  0.21608040,   1.2562814,
NA,2019-03-13,T7, 0.005025126,  0.21608040,   1.2562814,
NA,2019-03-13,T8, 0.055276382,  2.37688442,  13.8190955,
NA,2019-03-13,T9, 0.155778894,  6.69849246,  38.9447236,
NA,2019-03-18,T1, 0.034482759,  0.20689655,   1.0689655,
NA,2019-03-18,T2, 0.034482759,  0.20689655,   1.0689655,
NA,2019-03-18,T3, 0.034482759,  0.20689655,   1.0689655,
NA,2019-03-18,T4, 0.034482759,  0.20689655,   1.0689655,
NA,2019-03-18,T5, 0.034482759,  0.20689655,   1.0689655,
NA,2019-03-18,T6, 0.379310345,  2.27586207,  11.7586207,
NA,2019-03-18,T7, 0.379310345,  2.27586207,  11.7586207,
NA,2019-03-18,T8, 0.034482759,  0.20689655,   1.0689655,
NA,2019-03-18,T9, 0.034482759,  0.20689655,   1.0689655,
NA,2019-03-27,T1, 0.020408163,  0.26530612,   1.6122449,
NA,2019-03-27,T2, 0.020408163,  0.26530612,   1.6122449,
NA,2019-03-27,T3, 0.020408163,  0.26530612,   1.6122449,
NA,2019-03-27,T4, 0.020408163,  0.26530612,   1.6122449,
NA,2019-03-27,T5, 0.020408163,  0.26530612,   1.6122449,
NA,2019-03-27,T6, 0.020408163,  0.26530612,   1.6122449,
NA,2019-03-27,T7, 0.020408163,  0.26530612,   1.6122449,
NA,2019-03-27,T8, 0.836734694, 10.87755102,  66.1020408,
NA,2019-03-27,T9, 0.020408163,  0.26530612,   1.6122449,
NA,2019-03-28,T1, 0.009174312,  0.17431193,   1.3119266,
NA,2019-03-28,T2, 0.009174312,  0.17431193,   1.3119266,
NA,2019-03-28,T3, 0.467889908,  8.88990826,  66.9082569,
NA,2019-03-28,T4, 0.284403670,  5.40366972,  40.6697248,
NA,2019-03-28,T5, 0.009174312,  0.17431193,   1.3119266,
NA,2019-03-28,T6, 0.192660550,  3.66055046,  27.5504587,
NA,2019-03-28,T7, 0.009174312,  0.17431193,   1.3119266,
NA,2019-03-28,T8, 0.009174312,  0.17431193,   1.3119266,
NA,2019-03-28,T9, 0.009174312,  0.17431193,   1.3119266,
