author,date,topic,doc_nb,word_nb,char_nb,doc_ids
Alan Whitehead,2017-06-27,P1,2.000000e-03,   0.2860000,    1.626000,
Alan Whitehead,2017-06-27,P10,2.000000e-03,   0.2860000,    1.626000,
Alan Whitehead,2017-06-27,P2,2.000000e-03,   0.2860000,    1.626000,
Alan Whitehead,2017-06-27,P3,2.000000e-03,   0.2860000,    1.626000,
Alan Whitehead,2017-06-27,P4,2.000000e-03,   0.2860000,    1.626000,
Alan Whitehead,2017-06-27,P5,1.620000e-01,  23.1660000,  131.706000,
Alan Whitehead,2017-06-27,P6,3.220000e-01,  46.0460000,  261.786000,
Alan Whitehead,2017-06-27,P7,1.420000e-01,  20.3060000,  115.446000,
Alan Whitehead,2017-06-27,P8,2.000000e-03,   0.2860000,    1.626000,
Alan Whitehead,2017-06-27,P9,3.620000e-01,  51.7660000,  294.306000,uk.org.publicwhip/debate/2017-06-27a.455.8
Albert Owen,2018-03-06,P1,3.105590e-04,   0.2649068,    1.507764,
Albert Owen,2018-03-06,P10,3.105590e-04,   0.2649068,    1.507764,
Albert Owen,2018-03-06,P2,3.605590e-01, 307.5568323, 1750.513975,
Albert Owen,2018-03-06,P3,3.105590e-04,   0.2649068,    1.507764,
Albert Owen,2018-03-06,P4,3.105590e-04,   0.2649068,    1.507764,
Albert Owen,2018-03-06,P5,6.552795e-02,  55.8953416,  318.138199,
Albert Owen,2018-03-06,P6,1.338509e-01, 114.1748447,  649.846273,
Albert Owen,2018-03-06,P7,3.698758e-01, 315.5040373, 1795.746894,uk.org.publicwhip/debate/2018-03-06b.252.2
Albert Owen,2018-03-06,P8,3.105590e-04,   0.2649068,    1.507764,
Albert Owen,2018-03-06,P9,6.863354e-02,  58.5444099,  333.215839,
Alec Shelbrooke,2019-07-01,P1,4.441176e-01,  34.6411765,  204.738235,uk.org.publicwhip/debate/2019-07-01c.961.2
Alec Shelbrooke,2019-07-01,P10,2.941176e-03,   0.2294118,    1.355882,
Alec Shelbrooke,2019-07-01,P2,6.176471e-02,   4.8176471,   28.473529,
Alec Shelbrooke,2019-07-01,P3,2.941176e-03,   0.2294118,    1.355882,
Alec Shelbrooke,2019-07-01,P4,2.088235e-01,  16.2882353,   96.267647,
Alec Shelbrooke,2019-07-01,P5,2.941176e-03,   0.2294118,    1.355882,
Alec Shelbrooke,2019-07-01,P6,2.941176e-03,   0.2294118,    1.355882,
Alec Shelbrooke,2019-07-01,P7,2.676471e-01,  20.8764706,  123.385294,
Alec Shelbrooke,2019-07-01,P8,2.941176e-03,   0.2294118,    1.355882,
Alec Shelbrooke,2019-07-01,P9,2.941176e-03,   0.2294118,    1.355882,
Alex Chalk,2019-04-30,P1,4.861496e-02,  79.9716066,  481.774238,
Alex Chalk,2019-04-30,P10,5.678670e-03,   9.3414127,   56.275623,
Alex Chalk,2019-04-30,P2,5.277008e-02,  86.8067867,  522.951524,
Alex Chalk,2019-04-30,P3,1.385042e-04,   0.2278393,    1.372576,
Alex Chalk,2019-04-30,P4,1.843490e-01, 303.2541551, 1826.898892,
Alex Chalk,2019-04-30,P5,1.400277e-01, 230.3455679, 1387.674515,
Alex Chalk,2019-04-30,P6,2.508310e-01, 412.6170360, 2485.735457,uk.org.publicwhip/debate/2019-04-30a.148.1
Alex Chalk,2019-04-30,P7,1.594183e-01, 262.2430748, 1579.835180,
Alex Chalk,2019-04-30,P8,1.580332e-01, 259.9646814, 1566.109418,
Alex Chalk,2019-04-30,P9,1.385042e-04,   0.2278393,    1.372576,
Alex Cunningham,2016-01-05,P1,3.741794e-02,  34.7238512,  226.565646,
Alex Cunningham,2016-01-05,P10,1.115974e-02,  10.3562363,   67.572210,
Alex Cunningham,2016-01-05,P2,2.037199e-01, 189.0520788, 1233.524070,
Alex Cunningham,2016-01-05,P3,2.188184e-04,   0.2030635,    1.324945,
Alex Cunningham,2016-01-05,P4,1.334792e-02,  12.3868709,   80.821663,
Alex Cunningham,2016-01-05,P5,3.741794e-02,  34.7238512,  226.565646,
Alex Cunningham,2016-01-05,P6,2.188184e-04,   0.2030635,    1.324945,
Alex Cunningham,2016-01-05,P7,6.367615e-02,  59.0914661,  385.559081,
Alex Cunningham,2016-01-05,P8,5.494530e-01, 509.8923414, 3326.937637,uk.org.publicwhip/debate/2016-01-05d.133.2
Alex Cunningham,2016-01-05,P9,8.336980e-02,  77.3671772,  504.804158,
Alex Cunningham,2016-03-14,P1,5.434783e-04,   0.2472826,    1.387500,
Alex Cunningham,2016-03-14,P10,5.978261e-03,   2.7201087,   15.262500,
Alex Cunningham,2016-03-14,P2,1.798913e-01,  81.8505435,  459.262500,
Alex Cunningham,2016-03-14,P3,5.434783e-04,   0.2472826,    1.387500,
Alex Cunningham,2016-03-14,P4,1.472826e-01,  67.0135870,  376.012500,
Alex Cunningham,2016-03-14,P5,7.663043e-02,  34.8668478,  195.637500,
Alex Cunningham,2016-03-14,P6,4.570652e-01, 207.9646739, 1166.887500,uk.org.publicwhip/debate/2016-03-14b.719.0
Alex Cunningham,2016-03-14,P7,1.146739e-01,  52.1766304,  292.762500,
Alex Cunningham,2016-03-14,P8,5.434783e-04,   0.2472826,    1.387500,
Alex Cunningham,2016-03-14,P9,1.684783e-02,   7.6657609,   43.012500,
Alun Cairns,2019-06-10,P1,2.857143e-03,   0.2571429,    1.500000,
Alun Cairns,2019-06-10,P10,1.171429e-01,  10.5428571,   61.500000,
Alun Cairns,2019-06-10,P2,3.742857e-01,  33.6857143,  196.500000,
Alun Cairns,2019-06-10,P3,2.857143e-03,   0.2571429,    1.500000,
Alun Cairns,2019-06-10,P4,4.885714e-01,  43.9714286,  256.500000,uk.org.publicwhip/debate/2019-06-10b.442.2
Alun Cairns,2019-06-10,P5,2.857143e-03,   0.2571429,    1.500000,
Alun Cairns,2019-06-10,P6,2.857143e-03,   0.2571429,    1.500000,
Alun Cairns,2019-06-10,P7,2.857143e-03,   0.2571429,    1.500000,
Alun Cairns,2019-06-10,P8,2.857143e-03,   0.2571429,    1.500000,
Alun Cairns,2019-06-10,P9,2.857143e-03,   0.2571429,    1.500000,
Amber Rudd,2016-07-12,P1,3.389831e-04,   0.2298305,    1.387458,
Amber Rudd,2016-07-12,P10,8.847458e-02,  59.9857627,  362.126441,
Amber Rudd,2016-07-12,P2,1.088136e-01,  73.7755932,  445.373898,
Amber Rudd,2016-07-12,P3,3.389831e-04,   0.2298305,    1.387458,
Amber Rudd,2016-07-12,P4,1.969492e-01, 133.5315254,  806.112881,
Amber Rudd,2016-07-12,P5,3.389831e-04,   0.2298305,    1.387458,
Amber Rudd,2016-07-12,P6,5.020339e-01, 340.3789831, 2054.824746,uk.org.publicwhip/debate/2016-07-12b.186.1
Amber Rudd,2016-07-12,P7,1.389831e-02,   9.4230508,   56.885763,
Amber Rudd,2016-07-12,P8,8.847458e-02,  59.9857627,  362.126441,
Amber Rudd,2016-07-12,P9,3.389831e-04,   0.2298305,    1.387458,
Andrea Leadsom,2016-07-13,P1,3.703704e-03,   0.2037037,    1.251852,
Andrea Leadsom,2016-07-13,P10,4.074074e-02,   2.2407407,   13.770370,
Andrea Leadsom,2016-07-13,P2,2.259259e-01,  12.4259259,   76.362963,
Andrea Leadsom,2016-07-13,P3,3.703704e-03,   0.2037037,    1.251852,
Andrea Leadsom,2016-07-13,P4,4.074074e-02,   2.2407407,   13.770370,
Andrea Leadsom,2016-07-13,P5,3.703704e-03,   0.2037037,    1.251852,
Andrea Leadsom,2016-07-13,P6,6.703704e-01,  36.8703704,  226.585185,uk.org.publicwhip/debate/2016-07-14b.417.8
Andrea Leadsom,2016-07-13,P7,3.703704e-03,   0.2037037,    1.251852,
Andrea Leadsom,2016-07-13,P8,3.703704e-03,   0.2037037,    1.251852,
Andrea Leadsom,2016-07-13,P9,3.703704e-03,   0.2037037,    1.251852,
Andrea Leadsom,2016-07-14,P1,7.380952e-03,   0.5316667,    3.128571,
Andrea Leadsom,2016-07-14,P10,3.119048e-02,   2.6983333,   16.414286,
Andrea Leadsom,2016-07-14,P2,3.883333e-01,  35.1983333,  215.700000,
Andrea Leadsom,2016-07-14,P3,7.380952e-03,   0.5316667,    3.128571,
Andrea Leadsom,2016-07-14,P4,1.073810e-01,   6.8316667,   39.128571,
Andrea Leadsom,2016-07-14,P5,7.380952e-03,   0.5316667,    3.128571,
Andrea Leadsom,2016-07-14,P6,1.428810e+00, 106.0816667,  627.985714,uk.org.publicwhip/debate/2016-07-14c.412.7 uk.org.publicwhip/debate/2016-07-14c.412.3
Andrea Leadsom,2016-07-14,P7,7.380952e-03,   0.5316667,    3.128571,
Andrea Leadsom,2016-07-14,P8,7.380952e-03,   0.5316667,    3.128571,
Andrea Leadsom,2016-07-14,P9,7.380952e-03,   0.5316667,    3.128571,
Andrea Leadsom,2019-09-26,P1,2.702703e-03,   0.2108108,    1.208108,
Andrea Leadsom,2019-09-26,P10,2.702703e-03,   0.2108108,    1.208108,
Andrea Leadsom,2019-09-26,P2,2.702703e-03,   0.2108108,    1.208108,
Andrea Leadsom,2019-09-26,P3,2.702703e-03,   0.2108108,    1.208108,
Andrea Leadsom,2019-09-26,P4,2.702703e-03,   0.2108108,    1.208108,
Andrea Leadsom,2019-09-26,P5,4.621622e-01,  36.0486486,  206.586486,
Andrea Leadsom,2019-09-26,P6,2.702703e-03,   0.2108108,    1.208108,
Andrea Leadsom,2019-09-26,P7,5.162162e-01,  40.2648649,  230.748649,uk.org.publicwhip/debate/2019-09-26c.913.0
Andrea Leadsom,2019-09-26,P8,2.702703e-03,   0.2108108,    1.208108,
Andrea Leadsom,2019-09-26,P9,2.702703e-03,   0.2108108,    1.208108,
Andrew Mitchell,2019-10-14,P1,1.497768e-01, 163.1069196,  945.241295,
Andrew Mitchell,2019-10-14,P10,4.933036e-02,  53.7207589,  311.323884,
Andrew Mitchell,2019-10-14,P2,2.368304e-01, 257.9082589, 1494.636384,
Andrew Mitchell,2019-10-14,P3,2.232143e-04,   0.2430804,    1.408705,
Andrew Mitchell,2019-10-14,P4,1.408482e-01, 153.3837054,  888.893080,
Andrew Mitchell,2019-10-14,P5,3.104911e-01, 338.1247768, 1959.509152,uk.org.publicwhip/debate/2019-10-14a.49.1
Andrew Mitchell,2019-10-14,P6,2.232143e-04,   0.2430804,    1.408705,
Andrew Mitchell,2019-10-14,P7,7.611607e-02,  82.8904018,  480.368527,
Andrew Mitchell,2019-10-14,P8,3.370536e-02,  36.7051339,  212.714509,
Andrew Mitchell,2019-10-14,P9,2.455357e-03,   2.6738839,   15.495759,
Andrew Murrison,2016-07-18,P1,2.810606e-01,  93.0310606,  541.322727,
Andrew Murrison,2016-07-18,P10,2.348485e-02,   7.7734848,   45.231818,
Andrew Murrison,2016-07-18,P2,4.621212e-02,  15.2962121,   89.004545,
Andrew Murrison,2016-07-18,P3,8.333333e-03,   2.7583333,   16.050000,
Andrew Murrison,2016-07-18,P4,7.575758e-04,   0.2507576,    1.459091,
Andrew Murrison,2016-07-18,P5,1.825758e-01,  60.4325758,  351.640909,
Andrew Murrison,2016-07-18,P6,7.575758e-04,   0.2507576,    1.459091,
Andrew Murrison,2016-07-18,P7,4.477273e-01, 148.1977273,  862.322727,uk.org.publicwhip/debate/2016-07-18c.591.2
Andrew Murrison,2016-07-18,P8,8.333333e-03,   2.7583333,   16.050000,
Andrew Murrison,2016-07-18,P9,7.575758e-04,   0.2507576,    1.459091,
Andrew Stephenson,2019-07-04,P1,2.173913e-03,   2.3782609,   14.408696,
Andrew Stephenson,2019-07-04,P10,1.976285e-04,   0.2162055,    1.309881,
Andrew Stephenson,2019-07-04,P2,1.600791e-02,  17.5126482,  106.100395,
Andrew Stephenson,2019-07-04,P3,5.041502e-01, 551.5403162, 3341.507510,uk.org.publicwhip/debate/2019-07-04b.1409.1
Andrew Stephenson,2019-07-04,P4,3.598814e-01, 393.7102767, 2385.294071,
Andrew Stephenson,2019-07-04,P5,1.976285e-04,   0.2162055,    1.309881,
Andrew Stephenson,2019-07-04,P6,1.148221e-01, 125.6154150,  761.041107,
Andrew Stephenson,2019-07-04,P7,2.173913e-03,   2.3782609,   14.408696,
Andrew Stephenson,2019-07-04,P8,1.976285e-04,   0.2162055,    1.309881,
Andrew Stephenson,2019-07-04,P9,1.976285e-04,   0.2162055,    1.309881,
Anne Main,2019-09-03,P1,1.000000e-02,   0.2600000,    1.410000,
Anne Main,2019-09-03,P10,1.000000e-02,   0.2600000,    1.410000,
Anne Main,2019-09-03,P2,1.000000e-02,   0.2600000,    1.410000,
Anne Main,2019-09-03,P3,1.000000e-02,   0.2600000,    1.410000,
Anne Main,2019-09-03,P4,4.100000e-01,  10.6600000,   57.810000,
Anne Main,2019-09-03,P5,1.000000e-02,   0.2600000,    1.410000,
Anne Main,2019-09-03,P6,1.000000e-02,   0.2600000,    1.410000,
Anne Main,2019-09-03,P7,5.100000e-01,  13.2600000,   71.910000,uk.org.publicwhip/debate/2019-09-03b.34.3
Anne Main,2019-09-03,P8,1.000000e-02,   0.2600000,    1.410000,
Anne Main,2019-09-03,P9,1.000000e-02,   0.2600000,    1.410000,
Antoinette Sandbach,2016-07-04,P1,4.566210e-04,   0.2785388,    1.615068,
Antoinette Sandbach,2016-07-04,P10,4.155251e-02,  25.3470320,  146.971233,
Antoinette Sandbach,2016-07-04,P2,3.242009e-02,  19.7762557,  114.669863,
Antoinette Sandbach,2016-07-04,P3,4.566210e-04,   0.2785388,    1.615068,
Antoinette Sandbach,2016-07-04,P4,5.981735e-02,  36.4885845,  211.573973,
Antoinette Sandbach,2016-07-04,P5,5.022831e-03,   3.0639269,   17.765753,
Antoinette Sandbach,2016-07-04,P6,5.940639e-01, 362.3789954, 2101.204110,uk.org.publicwhip/debate/2016-07-04a.690.0
Antoinette Sandbach,2016-07-04,P7,2.515982e-01, 153.4748858,  889.902740,
Antoinette Sandbach,2016-07-04,P8,1.415525e-02,   8.6347032,   50.067123,
Antoinette Sandbach,2016-07-04,P9,4.566210e-04,   0.2785388,    1.615068,
Barry Gardiner,2016-09-07,P1,4.545455e-03,   0.2409091,    1.581818,
Barry Gardiner,2016-09-07,P10,5.000000e-02,   2.6500000,   17.400000,
Barry Gardiner,2016-09-07,P2,9.545455e-02,   5.0590909,   33.218182,
Barry Gardiner,2016-09-07,P3,4.545455e-03,   0.2409091,    1.581818,
Barry Gardiner,2016-09-07,P4,4.545455e-03,   0.2409091,    1.581818,
Barry Gardiner,2016-09-07,P5,4.545455e-03,   0.2409091,    1.581818,
Barry Gardiner,2016-09-07,P6,5.000000e-02,   2.6500000,   17.400000,
Barry Gardiner,2016-09-07,P7,7.772727e-01,  41.1954545,  270.490909,uk.org.publicwhip/debate/2016-09-07b.371.5
Barry Gardiner,2016-09-07,P8,4.545455e-03,   0.2409091,    1.581818,
Barry Gardiner,2016-09-07,P9,4.545455e-03,   0.2409091,    1.581818,
Barry Gardiner,2019-04-23,P1,2.638522e-04,   0.2395778,    1.412401,
Barry Gardiner,2019-04-23,P10,5.540897e-03,   5.0311346,   29.660422,
Barry Gardiner,2019-04-23,P2,2.638522e-04,   0.2395778,    1.412401,
Barry Gardiner,2019-04-23,P3,1.609499e-02,  14.6142480,   86.156464,
Barry Gardiner,2019-04-23,P4,1.873351e-02,  17.0100264,  100.280475,
Barry Gardiner,2019-04-23,P5,1.163588e-01, 105.6538259,  622.868865,
Barry Gardiner,2019-04-23,P6,3.643799e-01, 330.8569921, 1950.525858,uk.org.publicwhip/debate/2019-04-23a.674.0
Barry Gardiner,2019-04-23,P7,2.905013e-01, 263.7751979, 1555.053562,
Barry Gardiner,2019-04-23,P8,1.875989e-01, 170.3398417, 1004.217150,
Barry Gardiner,2019-04-23,P9,2.638522e-04,   0.2395778,    1.412401,
Barry Sheerman,2019-04-24,P1,4.761905e-03,   0.2809524,    1.642857,
Barry Sheerman,2019-04-24,P10,4.761905e-03,   0.2809524,    1.642857,
Barry Sheerman,2019-04-24,P2,4.761905e-03,   0.2809524,    1.642857,
Barry Sheerman,2019-04-24,P3,4.761905e-03,   0.2809524,    1.642857,
Barry Sheerman,2019-04-24,P4,4.761905e-03,   0.2809524,    1.642857,
Barry Sheerman,2019-04-24,P5,4.809524e-01,  28.3761905,  165.928571,uk.org.publicwhip/debate/2019-04-24b.734.0
Barry Sheerman,2019-04-24,P6,4.761905e-03,   0.2809524,    1.642857,
Barry Sheerman,2019-04-24,P7,4.809524e-01,  28.3761905,  165.928571,
Barry Sheerman,2019-04-24,P8,4.761905e-03,   0.2809524,    1.642857,
Barry Sheerman,2019-04-24,P9,4.761905e-03,   0.2809524,    1.642857,
Bill Grant,2019-10-17,P1,4.313725e-03,   2.5925490,   15.283529,
Bill Grant,2019-10-17,P10,5.137255e-02,  30.8749020,  182.012941,
Bill Grant,2019-10-17,P2,3.921569e-04,   0.2356863,    1.389412,
Bill Grant,2019-10-17,P3,1.258824e-01,  75.6552941,  446.001176,
Bill Grant,2019-10-17,P4,2.003922e-01, 120.4356863,  709.989412,
Bill Grant,2019-10-17,P5,1.258824e-01,  75.6552941,  446.001176,
Bill Grant,2019-10-17,P6,1.141176e-01,  68.5847059,  404.318824,
Bill Grant,2019-10-17,P7,1.023529e-01,  61.5141176,  362.636471,
Bill Grant,2019-10-17,P8,2.749020e-01, 165.2160784,  973.977647,uk.org.publicwhip/debate/2019-10-17c.534.0
Bill Grant,2019-10-17,P9,3.921569e-04,   0.2356863,    1.389412,
Boris Johnson,2019-10-30,P1,2.265306e-01,  31.2612245,  177.146939,
Boris Johnson,2019-10-30,P10,4.285714e-02,   5.9142857,   33.514286,
Boris Johnson,2019-10-30,P2,4.285714e-02,   5.9142857,   33.514286,
Boris Johnson,2019-10-30,P3,2.040816e-03,   0.2816327,    1.595918,
Boris Johnson,2019-10-30,P4,2.040816e-03,   0.2816327,    1.595918,
Boris Johnson,2019-10-30,P5,2.040816e-03,   0.2816327,    1.595918,
Boris Johnson,2019-10-30,P6,2.040816e-03,   0.2816327,    1.595918,
Boris Johnson,2019-10-30,P7,6.551020e-01,  90.4040816,  512.289796,uk.org.publicwhip/debate/2019-10-30a.368.3
Boris Johnson,2019-10-30,P8,2.244898e-02,   3.0979592,   17.555102,
Boris Johnson,2019-10-30,P9,2.040816e-03,   0.2816327,    1.595918,
Callum McCaig,2016-03-14,P1,8.849558e-04,   0.2389381,    1.398230,
Callum McCaig,2016-03-14,P10,8.849558e-04,   0.2389381,    1.398230,
Callum McCaig,2016-03-14,P2,9.734513e-03,   2.6283186,   15.380531,
Callum McCaig,2016-03-14,P3,8.849558e-04,   0.2389381,    1.398230,
Callum McCaig,2016-03-14,P4,8.849558e-04,   0.2389381,    1.398230,
Callum McCaig,2016-03-14,P5,8.849558e-04,   0.2389381,    1.398230,
Callum McCaig,2016-03-14,P6,5.318584e-01, 143.6017699,  840.336283,uk.org.publicwhip/debate/2016-03-14b.702.0
Callum McCaig,2016-03-14,P7,2.752212e-01,  74.3097345,  434.849558,
Callum McCaig,2016-03-14,P8,8.849558e-04,   0.2389381,    1.398230,
Callum McCaig,2016-03-14,P9,1.778761e-01,  48.0265487,  281.044248,
Carol Monaghan,2019-06-12,P1,3.448276e-03,   0.1793103,    1.162069,
Carol Monaghan,2019-06-12,P10,3.137931e-01,  16.3172414,  105.748276,uk.org.publicwhip/debate/2019-06-12e.657.5
Carol Monaghan,2019-06-12,P2,3.793103e-02,   1.9724138,   12.782759,
Carol Monaghan,2019-06-12,P3,3.448276e-03,   0.1793103,    1.162069,
Carol Monaghan,2019-06-12,P4,1.413793e-01,   7.3517241,   47.644828,
Carol Monaghan,2019-06-12,P5,2.103448e-01,  10.9379310,   70.886207,
Carol Monaghan,2019-06-12,P6,3.793103e-02,   1.9724138,   12.782759,
Carol Monaghan,2019-06-12,P7,3.448276e-03,   0.1793103,    1.162069,
Carol Monaghan,2019-06-12,P8,2.448276e-01,  12.7310345,   82.506897,
Carol Monaghan,2019-06-12,P9,3.448276e-03,   0.1793103,    1.162069,
Caroline Lucas,2016-09-07,P1,2.173913e-03,   0.2282609,    1.415217,
Caroline Lucas,2016-09-07,P10,1.760870e-01,  18.4891304,  114.632609,
Caroline Lucas,2016-09-07,P2,2.173913e-03,   0.2282609,    1.415217,
Caroline Lucas,2016-09-07,P3,2.173913e-03,   0.2282609,    1.415217,
Caroline Lucas,2016-09-07,P4,2.173913e-03,   0.2282609,    1.415217,
Caroline Lucas,2016-09-07,P5,2.173913e-03,   0.2282609,    1.415217,
Caroline Lucas,2016-09-07,P6,7.847826e-01,  82.4021739,  510.893478,uk.org.publicwhip/debate/2016-09-07b.333.3
Caroline Lucas,2016-09-07,P7,2.391304e-02,   2.5108696,   15.567391,
Caroline Lucas,2016-09-07,P8,2.173913e-03,   0.2282609,    1.415217,
Caroline Lucas,2016-09-07,P9,2.173913e-03,   0.2282609,    1.415217,
Cat Smith,2016-02-11,P1,2.100000e-01,   4.2000000,   28.560000,
Cat Smith,2016-02-11,P10,1.000000e-02,   0.2000000,    1.360000,
Cat Smith,2016-02-11,P2,1.100000e-01,   2.2000000,   14.960000,
Cat Smith,2016-02-11,P3,1.000000e-02,   0.2000000,    1.360000,
Cat Smith,2016-02-11,P4,1.000000e-02,   0.2000000,    1.360000,
Cat Smith,2016-02-11,P5,1.000000e-02,   0.2000000,    1.360000,
Cat Smith,2016-02-11,P6,1.000000e-02,   0.2000000,    1.360000,
Cat Smith,2016-02-11,P7,3.100000e-01,   6.2000000,   42.160000,uk.org.publicwhip/debate/2016-02-11c.1727.7
Cat Smith,2016-02-11,P8,3.100000e-01,   6.2000000,   42.160000,
Cat Smith,2016-02-11,P9,1.000000e-02,   0.2000000,    1.360000,
Cheryl Gillan,2017-01-31,P1,2.873563e-04,   0.2428161,    1.398563,
Cheryl Gillan,2017-01-31,P10,5.778736e-01, 488.3031609, 2812.510632,uk.org.publicwhip/debate/2017-01-31c.845.1
Cheryl Gillan,2017-01-31,P2,2.873563e-04,   0.2428161,    1.398563,
Cheryl Gillan,2017-01-31,P3,8.908046e-03,   7.5272989,   43.355460,
Cheryl Gillan,2017-01-31,P4,7.212644e-02,  60.9468391,  351.039368,
Cheryl Gillan,2017-01-31,P5,1.899425e-01, 160.5014368,  924.450287,
Cheryl Gillan,2017-01-31,P6,2.873563e-04,   0.2428161,    1.398563,
Cheryl Gillan,2017-01-31,P7,1.353448e-01, 114.3663793,  658.723276,
Cheryl Gillan,2017-01-31,P8,8.908046e-03,   7.5272989,   43.355460,
Cheryl Gillan,2017-01-31,P9,6.034483e-03,   5.0991379,   29.369828,
Chi Onwurah,2019-02-12,P1,1.612903e-03,   0.2048387,    1.200000,
Chi Onwurah,2019-02-12,P10,3.725806e-01,  47.3177419,  277.200000,uk.org.publicwhip/debate/2019-02-12c.721.5
Chi Onwurah,2019-02-12,P2,2.274194e-01,  28.8822581,  169.200000,
Chi Onwurah,2019-02-12,P3,1.145161e-01,  14.5435484,   85.200000,
Chi Onwurah,2019-02-12,P4,2.435484e-01,  30.9306452,  181.200000,
Chi Onwurah,2019-02-12,P5,1.612903e-03,   0.2048387,    1.200000,
Chi Onwurah,2019-02-12,P6,1.612903e-03,   0.2048387,    1.200000,
Chi Onwurah,2019-02-12,P7,1.612903e-03,   0.2048387,    1.200000,
Chi Onwurah,2019-02-12,P8,3.387097e-02,   4.3016129,   25.200000,
Chi Onwurah,2019-02-12,P9,1.612903e-03,   0.2048387,    1.200000,
Chris Matheson,2019-05-21,P1,5.780347e-04,   0.2132948,    1.345665,
Chris Matheson,2019-05-21,P10,2.369942e-02,   8.7450867,   55.172254,
Chris Matheson,2019-05-21,P2,5.780347e-04,   0.2132948,    1.345665,
Chris Matheson,2019-05-21,P3,5.780347e-04,   0.2132948,    1.345665,
Chris Matheson,2019-05-21,P4,1.335260e-01,  49.2710983,  310.848555,
Chris Matheson,2019-05-21,P5,1.335260e-01,  49.2710983,  310.848555,
Chris Matheson,2019-05-21,P6,2.317919e-01,  85.5312139,  539.611561,
Chris Matheson,2019-05-21,P7,3.300578e-01, 121.7913295,  768.374566,uk.org.publicwhip/debate/2019-05-21a.650.1
Chris Matheson,2019-05-21,P8,5.780347e-04,   0.2132948,    1.345665,
Chris Matheson,2019-05-21,P9,1.450867e-01,  53.5369942,  337.761850,
Claire Perry,2019-04-23,P1,2.222222e-03,   0.2555556,    1.402222,
Claire Perry,2019-04-23,P10,2.222222e-03,   0.2555556,    1.402222,
Claire Perry,2019-04-23,P2,2.222222e-03,   0.2555556,    1.402222,
Claire Perry,2019-04-23,P3,2.222222e-03,   0.2555556,    1.402222,
Claire Perry,2019-04-23,P4,3.355556e-01,  38.5888889,  211.735556,
Claire Perry,2019-04-23,P5,1.577778e-01,  18.1444444,   99.557778,
Claire Perry,2019-04-23,P6,4.466667e-01,  51.3666667,  281.846667,uk.org.publicwhip/debate/2019-04-23a.614.3
Claire Perry,2019-04-23,P7,2.222222e-03,   0.2555556,    1.402222,
Claire Perry,2019-04-23,P8,2.222222e-03,   0.2555556,    1.402222,
Claire Perry,2019-04-23,P9,4.666667e-02,   5.3666667,   29.446667,
Claire Perry,2019-10-30,P1,1.466019e-01,  45.1533981,  246.291262,
Claire Perry,2019-10-30,P10,9.708738e-04,   0.2990291,    1.631068,
Claire Perry,2019-10-30,P2,9.708738e-04,   0.2990291,    1.631068,
Claire Perry,2019-10-30,P3,9.708738e-04,   0.2990291,    1.631068,
Claire Perry,2019-10-30,P4,3.980583e-02,  12.2601942,   66.873786,
Claire Perry,2019-10-30,P5,4.951456e-02,  15.2504854,   83.184466,
Claire Perry,2019-10-30,P6,9.708738e-04,   0.2990291,    1.631068,
Claire Perry,2019-10-30,P7,7.582524e-01, 233.5417476, 1273.864078,uk.org.publicwhip/debate/2019-10-30a.368.2
Claire Perry,2019-10-30,P8,9.708738e-04,   0.2990291,    1.631068,
Claire Perry,2019-10-30,P9,9.708738e-04,   0.2990291,    1.631068,
Daniel Zeichner,2019-05-21,P1,5.000000e-03,   0.2850000,    1.700000,
Daniel Zeichner,2019-05-21,P10,5.000000e-03,   0.2850000,    1.700000,
Daniel Zeichner,2019-05-21,P2,3.050000e-01,  17.3850000,  103.700000,
Daniel Zeichner,2019-05-21,P3,5.000000e-03,   0.2850000,    1.700000,
Daniel Zeichner,2019-05-21,P4,5.000000e-03,   0.2850000,    1.700000,
Daniel Zeichner,2019-05-21,P5,5.050000e-01,  28.7850000,  171.700000,uk.org.publicwhip/debate/2019-05-21a.605.3
Daniel Zeichner,2019-05-21,P6,5.000000e-03,   0.2850000,    1.700000,
Daniel Zeichner,2019-05-21,P7,5.000000e-03,   0.2850000,    1.700000,
Daniel Zeichner,2019-05-21,P8,1.550000e-01,   8.8350000,   52.700000,
Daniel Zeichner,2019-05-21,P9,5.000000e-03,   0.2850000,    1.700000,
Daniel Zeichner,2019-07-25,P1,8.333333e-03,   0.2833333,    1.558333,
Daniel Zeichner,2019-07-25,P10,8.333333e-03,   0.2833333,    1.558333,
Daniel Zeichner,2019-07-25,P2,8.333333e-03,   0.2833333,    1.558333,
Daniel Zeichner,2019-07-25,P3,8.333333e-03,   0.2833333,    1.558333,
Daniel Zeichner,2019-07-25,P4,8.333333e-03,   0.2833333,    1.558333,
Daniel Zeichner,2019-07-25,P5,2.583333e-01,   8.7833333,   48.308333,
Daniel Zeichner,2019-07-25,P6,5.916667e-01,  20.1166667,  110.641667,uk.org.publicwhip/debate/2019-07-25a.1427.7
Daniel Zeichner,2019-07-25,P7,8.333333e-03,   0.2833333,    1.558333,
Daniel Zeichner,2019-07-25,P8,8.333333e-03,   0.2833333,    1.558333,
Daniel Zeichner,2019-07-25,P9,9.166667e-02,   3.1166667,   17.141667,
Darren Jones,2018-11-12,P1,3.012048e-04,   0.2259036,    1.364759,
Darren Jones,2018-11-12,P10,1.837349e-02,  13.7801205,   83.250301,
Darren Jones,2018-11-12,P2,6.325301e-03,   4.7439759,   28.659940,
Darren Jones,2018-11-12,P3,5.150602e-02,  38.6295181,  233.373795,
Darren Jones,2018-11-12,P4,1.027108e-01,  77.0331325,  465.382831,
Darren Jones,2018-11-12,P5,3.343373e-02,  25.0753012,  151.488253,
Darren Jones,2018-11-12,P6,7.560241e-02,  56.7018072,  342.554518,
Darren Jones,2018-11-12,P7,2.774096e-01, 208.0572289, 1256.943072,
Darren Jones,2018-11-12,P8,4.009036e-01, 300.6777108, 1816.494277,uk.org.publicwhip/debate/2018-11-12d.151.1
Darren Jones,2018-11-12,P9,3.343373e-02,  25.0753012,  151.488253,
David Drew,2019-05-09,P1,3.846154e-03,   0.2807692,    1.565385,
David Drew,2019-05-09,P10,4.230769e-02,   3.0884615,   17.219231,
David Drew,2019-05-09,P2,1.961538e-01,  14.3192308,   79.834615,
David Drew,2019-05-09,P3,3.846154e-03,   0.2807692,    1.565385,
David Drew,2019-05-09,P4,3.846154e-03,   0.2807692,    1.565385,
David Drew,2019-05-09,P5,3.846154e-03,   0.2807692,    1.565385,
David Drew,2019-05-09,P6,3.846154e-03,   0.2807692,    1.565385,
David Drew,2019-05-09,P7,4.269231e-01,  31.1653846,  173.757692,uk.org.publicwhip/debate/2019-05-09b.640.7
David Drew,2019-05-09,P8,1.576923e-01,  11.5115385,   64.180769,
David Drew,2019-05-09,P9,1.576923e-01,  11.5115385,   64.180769,
Derek Thomas,2019-10-17,P1,2.217391e-02,  12.3508696,   72.109565,
Derek Thomas,2019-10-17,P10,4.347826e-04,   0.2421739,    1.413913,
Derek Thomas,2019-10-17,P2,4.347826e-04,   0.2421739,    1.413913,
Derek Thomas,2019-10-17,P3,1.347826e-02,   7.5073913,   43.831304,
Derek Thomas,2019-10-17,P4,2.308696e-01, 128.5943478,  750.787826,
Derek Thomas,2019-10-17,P5,1.743478e-01,  97.1117391,  566.979130,
Derek Thomas,2019-10-17,P6,3.352174e-01, 186.7160870, 1090.126957,uk.org.publicwhip/debate/2019-10-17c.552.2
Derek Thomas,2019-10-17,P7,3.521739e-02,  19.6160870,  114.526957,
Derek Thomas,2019-10-17,P8,1.613043e-01,  89.8465217,  524.561739,
Derek Thomas,2019-10-17,P9,2.652174e-02,  14.7726087,   86.248696,
Douglas Chapman,2019-06-13,P1,4.000000e-03,   0.2600000,    1.500000,
Douglas Chapman,2019-06-13,P10,4.000000e-03,   0.2600000,    1.500000,
Douglas Chapman,2019-06-13,P2,4.000000e-03,   0.2600000,    1.500000,
Douglas Chapman,2019-06-13,P3,6.040000e-01,  39.2600000,  226.500000,uk.org.publicwhip/debate/2019-06-13b.822.1
Douglas Chapman,2019-06-13,P4,4.000000e-03,   0.2600000,    1.500000,
Douglas Chapman,2019-06-13,P5,4.000000e-03,   0.2600000,    1.500000,
Douglas Chapman,2019-06-13,P6,4.000000e-03,   0.2600000,    1.500000,
Douglas Chapman,2019-06-13,P7,3.640000e-01,  23.6600000,  136.500000,
Douglas Chapman,2019-06-13,P8,4.000000e-03,   0.2600000,    1.500000,
Douglas Chapman,2019-06-13,P9,4.000000e-03,   0.2600000,    1.500000,
Edward Davey,2019-04-23,P1,1.723684e-01,  31.8881579,  183.400000,
Edward Davey,2019-04-23,P10,1.065789e-01,  19.7171053,  113.400000,
Edward Davey,2019-04-23,P2,1.592105e-01,  29.4539474,  169.400000,
Edward Davey,2019-04-23,P3,1.315789e-03,   0.2434211,    1.400000,
Edward Davey,2019-04-23,P4,1.315789e-03,   0.2434211,    1.400000,
Edward Davey,2019-04-23,P5,1.315789e-03,   0.2434211,    1.400000,
Edward Davey,2019-04-23,P6,3.960526e-01,  73.2697368,  421.400000,uk.org.publicwhip/debate/2019-04-23a.682.2
Edward Davey,2019-04-23,P7,1.592105e-01,  29.4539474,  169.400000,
Edward Davey,2019-04-23,P8,1.315789e-03,   0.2434211,    1.400000,
Edward Davey,2019-04-23,P9,1.315789e-03,   0.2434211,    1.400000,
Eleanor Laing,2017-02-08,P1,4.111842e-05,   0.1855674,    1.226398,
Eleanor Laing,2017-02-08,P10,6.834293e-01,3084.3163240,20383.961595,uk.org.publicwhip/debate/2017-02-08b.434.1
Eleanor Laing,2017-02-08,P2,4.111842e-05,   0.1855674,    1.226398,
Eleanor Laing,2017-02-08,P3,4.111842e-05,   0.1855674,    1.226398,
Eleanor Laing,2017-02-08,P4,4.111842e-05,   0.1855674,    1.226398,
Eleanor Laing,2017-02-08,P5,4.111842e-05,   0.1855674,    1.226398,
Eleanor Laing,2017-02-08,P6,4.111842e-05,   0.1855674,    1.226398,
Eleanor Laing,2017-02-08,P7,4.111842e-05,   0.1855674,    1.226398,
Eleanor Laing,2017-02-08,P8,4.523026e-04,   2.0412418,   13.490378,
Eleanor Laing,2017-02-08,P9,3.158306e-01,1425.3434622, 9419.963240,
Emily Thornberry,2016-11-22,P1,4.272727e-01,  41.8727273,  229.872727,uk.org.publicwhip/debate/2016-11-22b.734.5
Emily Thornberry,2016-11-22,P10,6.363636e-02,   6.2363636,   34.236364,
Emily Thornberry,2016-11-22,P2,6.363636e-02,   6.2363636,   34.236364,
Emily Thornberry,2016-11-22,P3,3.030303e-03,   0.2969697,    1.630303,
Emily Thornberry,2016-11-22,P4,3.030303e-03,   0.2969697,    1.630303,
Emily Thornberry,2016-11-22,P5,3.333333e-02,   3.2666667,   17.933333,
Emily Thornberry,2016-11-22,P6,3.030303e-03,   0.2969697,    1.630303,
Emily Thornberry,2016-11-22,P7,3.969697e-01,  38.9030303,  213.569697,
Emily Thornberry,2016-11-22,P8,3.030303e-03,   0.2969697,    1.630303,
Emily Thornberry,2016-11-22,P9,3.030303e-03,   0.2969697,    1.630303,
George Kerevan,2016-03-08,P1,6.250000e-04,   0.2962500,    1.640000,
George Kerevan,2016-03-08,P10,6.250000e-04,   0.2962500,    1.640000,
George Kerevan,2016-03-08,P2,8.256250e-01, 391.3462500, 2166.440000,uk.org.publicwhip/debate/2016-03-08a.250.2
George Kerevan,2016-03-08,P3,6.250000e-04,   0.2962500,    1.640000,
George Kerevan,2016-03-08,P4,1.312500e-02,   6.2212500,   34.440000,
George Kerevan,2016-03-08,P5,6.250000e-04,   0.2962500,    1.640000,
George Kerevan,2016-03-08,P6,6.312500e-02,  29.9212500,  165.640000,
George Kerevan,2016-03-08,P7,9.437500e-02,  44.7337500,  247.640000,
George Kerevan,2016-03-08,P8,6.250000e-04,   0.2962500,    1.640000,
George Kerevan,2016-03-08,P9,6.250000e-04,   0.2962500,    1.640000,
Graham Stuart,2016-01-18,P1,4.926108e-04,   0.2852217,    1.590148,
Graham Stuart,2016-01-18,P10,4.926108e-04,   0.2852217,    1.590148,
Graham Stuart,2016-01-18,P2,3.497537e-02,  20.2507389,  112.900493,
Graham Stuart,2016-01-18,P3,4.926108e-04,   0.2852217,    1.590148,
Graham Stuart,2016-01-18,P4,5.418719e-03,   3.1374384,   17.491626,
Graham Stuart,2016-01-18,P5,4.926108e-04,   0.2852217,    1.590148,
Graham Stuart,2016-01-18,P6,3.354680e-01, 194.2359606, 1082.890640,
Graham Stuart,2016-01-18,P7,6.162562e-01, 356.8123153, 1989.274877,uk.org.publicwhip/debate/2016-01-18b.1178.0
Graham Stuart,2016-01-18,P8,4.926108e-04,   0.2852217,    1.590148,
Graham Stuart,2016-01-18,P9,5.418719e-03,   3.1374384,   17.491626,
Greg Clark,2016-11-08,P1,1.923077e-03,   0.2134615,    1.326923,
Greg Clark,2016-11-08,P10,1.923077e-03,   0.2134615,    1.326923,
Greg Clark,2016-11-08,P2,1.365385e-01,  15.1557692,   94.211538,
Greg Clark,2016-11-08,P3,1.923077e-03,   0.2134615,    1.326923,
Greg Clark,2016-11-08,P4,3.865385e-01,  42.9057692,  266.711538,
Greg Clark,2016-11-08,P5,1.923077e-03,   0.2134615,    1.326923,
Greg Clark,2016-11-08,P6,4.634615e-01,  51.4442308,  319.788462,uk.org.publicwhip/debate/2016-11-08c.1390.7
Greg Clark,2016-11-08,P7,1.923077e-03,   0.2134615,    1.326923,
Greg Clark,2016-11-08,P8,1.923077e-03,   0.2134615,    1.326923,
Greg Clark,2016-11-08,P9,1.923077e-03,   0.2134615,    1.326923,
Greg Clark,2017-12-12,P1,5.500000e-01,  27.5000000,  164.450000,uk.org.publicwhip/debate/2017-12-12b.175.2
Greg Clark,2017-12-12,P10,4.545455e-03,   0.2272727,    1.359091,
Greg Clark,2017-12-12,P2,4.545455e-03,   0.2272727,    1.359091,
Greg Clark,2017-12-12,P3,4.545455e-03,   0.2272727,    1.359091,
Greg Clark,2017-12-12,P4,3.681818e-01,  18.4090909,  110.086364,
Greg Clark,2017-12-12,P5,4.545455e-03,   0.2272727,    1.359091,
Greg Clark,2017-12-12,P6,4.545455e-03,   0.2272727,    1.359091,
Greg Clark,2017-12-12,P7,4.545455e-03,   0.2272727,    1.359091,
Greg Clark,2017-12-12,P8,5.000000e-02,   2.5000000,   14.950000,
Greg Clark,2017-12-12,P9,4.545455e-03,   0.2272727,    1.359091,
Greg Mulholland,2016-02-02,P1,3.164557e-04,   0.2417722,    1.445570,
Greg Mulholland,2016-02-02,P10,2.879747e-02,  22.0012658,  131.546835,
Greg Mulholland,2016-02-02,P2,4.750000e-01, 362.9000000, 2169.800000,uk.org.publicwhip/debate/2016-02-02a.861.0
Greg Mulholland,2016-02-02,P3,3.164557e-04,   0.2417722,    1.445570,
Greg Mulholland,2016-02-02,P4,3.829114e-02,  29.2544304,  174.913924,
Greg Mulholland,2016-02-02,P5,1.490506e-01, 113.8746835,  680.863291,
Greg Mulholland,2016-02-02,P6,3.164557e-04,   0.2417722,    1.445570,
Greg Mulholland,2016-02-02,P7,1.300633e-01,  99.3683544,  594.129114,
Greg Mulholland,2016-02-02,P8,3.164557e-04,   0.2417722,    1.445570,
Greg Mulholland,2016-02-02,P9,1.775316e-01, 135.6341772,  810.964557,
Helen Hayes,2019-02-21,P1,2.564103e-03,   0.1692308,    1.069231,
Helen Hayes,2019-02-21,P10,2.564103e-03,   0.1692308,    1.069231,
Helen Hayes,2019-02-21,P2,2.564103e-03,   0.1692308,    1.069231,
Helen Hayes,2019-02-21,P3,6.435897e-01,  42.4769231,  268.376923,uk.org.publicwhip/debate/2019-02-21a.1588.7
Helen Hayes,2019-02-21,P4,2.564103e-03,   0.1692308,    1.069231,
Helen Hayes,2019-02-21,P5,3.102564e-01,  20.4769231,  129.376923,
Helen Hayes,2019-02-21,P6,2.564103e-03,   0.1692308,    1.069231,
Helen Hayes,2019-02-21,P7,2.820513e-02,   1.8615385,   11.761538,
Helen Hayes,2019-02-21,P8,2.564103e-03,   0.1692308,    1.069231,
Helen Hayes,2019-02-21,P9,2.564103e-03,   0.1692308,    1.069231,
Hilary Benn,2019-04-23,P1,3.571429e-03,   0.2928571,    1.653571,
Hilary Benn,2019-04-23,P10,3.571429e-03,   0.2928571,    1.653571,
Hilary Benn,2019-04-23,P2,1.464286e-01,  12.0071429,   67.796429,
Hilary Benn,2019-04-23,P3,7.500000e-02,   6.1500000,   34.725000,
Hilary Benn,2019-04-23,P4,3.571429e-03,   0.2928571,    1.653571,
Hilary Benn,2019-04-23,P5,3.928571e-02,   3.2214286,   18.189286,
Hilary Benn,2019-04-23,P6,5.392857e-01,  44.2214286,  249.689286,uk.org.publicwhip/debate/2019-04-23a.610.1
Hilary Benn,2019-04-23,P7,1.821429e-01,  14.9357143,   84.332143,
Hilary Benn,2019-04-23,P8,3.571429e-03,   0.2928571,    1.653571,
Hilary Benn,2019-04-23,P9,3.571429e-03,   0.2928571,    1.653571,
Ian Murray,2019-03-20,P1,5.700000e-01,  44.4600000,  269.610000,uk.org.publicwhip/debate/2019-03-20b.1057.0
Ian Murray,2019-03-20,P10,3.333333e-03,   0.2600000,    1.576667,
Ian Murray,2019-03-20,P2,3.333333e-03,   0.2600000,    1.576667,
Ian Murray,2019-03-20,P3,3.333333e-03,   0.2600000,    1.576667,
Ian Murray,2019-03-20,P4,3.333333e-03,   0.2600000,    1.576667,
Ian Murray,2019-03-20,P5,3.333333e-03,   0.2600000,    1.576667,
Ian Murray,2019-03-20,P6,3.333333e-03,   0.2600000,    1.576667,
Ian Murray,2019-03-20,P7,2.700000e-01,  21.0600000,  127.710000,
Ian Murray,2019-03-20,P8,1.366667e-01,  10.6600000,   64.643333,
Ian Murray,2019-03-20,P9,3.333333e-03,   0.2600000,    1.576667,
Jeremy Corbyn,2019-05-01,P1,5.181347e-04,   0.2269430,    1.368912,
Jeremy Corbyn,2019-05-01,P10,5.181347e-04,   0.2269430,    1.368912,
Jeremy Corbyn,2019-05-01,P2,5.181347e-04,   0.2269430,    1.368912,
Jeremy Corbyn,2019-05-01,P3,1.606218e-02,   7.0352332,   42.436269,
Jeremy Corbyn,2019-05-01,P4,5.699482e-03,   2.4963731,   15.058031,
Jeremy Corbyn,2019-05-01,P5,2.440415e-01, 106.8901554,  644.757513,
Jeremy Corbyn,2019-05-01,P6,3.943005e-01, 172.7036269, 1041.741969,uk.org.publicwhip/debate/2019-05-01c.225.2
Jeremy Corbyn,2019-05-01,P7,5.181347e-04,   0.2269430,    1.368912,
Jeremy Corbyn,2019-05-01,P8,3.373057e-01, 147.7398964,  891.161658,
Jeremy Corbyn,2019-05-01,P9,5.181347e-04,   0.2269430,    1.368912,
Jo Johnson,2017-12-12,P1,6.250000e-03,   0.2937500,    1.537500,
Jo Johnson,2017-12-12,P10,6.250000e-03,   0.2937500,    1.537500,
Jo Johnson,2017-12-12,P2,6.250000e-03,   0.2937500,    1.537500,
Jo Johnson,2017-12-12,P3,6.250000e-03,   0.2937500,    1.537500,
Jo Johnson,2017-12-12,P4,6.875000e-02,   3.2312500,   16.912500,
Jo Johnson,2017-12-12,P5,6.250000e-03,   0.2937500,    1.537500,
Jo Johnson,2017-12-12,P6,8.812500e-01,  41.4187500,  216.787500,uk.org.publicwhip/debate/2017-12-12b.169.11
Jo Johnson,2017-12-12,P7,6.250000e-03,   0.2937500,    1.537500,
Jo Johnson,2017-12-12,P8,6.250000e-03,   0.2937500,    1.537500,
Jo Johnson,2017-12-12,P9,6.250000e-03,   0.2937500,    1.537500,
Jo Johnson,2018-05-23,P1,1.063830e-03,   0.2212766,    1.302128,
Jo Johnson,2018-05-23,P10,1.063830e-03,   0.2212766,    1.302128,
Jo Johnson,2018-05-23,P2,3.627660e-01,  75.4553191,  444.025532,uk.org.publicwhip/debate/2018-05-23c.896.3
Jo Johnson,2018-05-23,P3,1.180851e-01,  24.5617021,  144.536170,
Jo Johnson,2018-05-23,P4,2.244681e-01,  46.6893617,  274.748936,
Jo Johnson,2018-05-23,P5,1.063830e-03,   0.2212766,    1.302128,
Jo Johnson,2018-05-23,P6,1.393617e-01,  28.9872340,  170.578723,
Jo Johnson,2018-05-23,P7,7.553191e-02,  15.7106383,   92.451064,
Jo Johnson,2018-05-23,P8,1.063830e-03,   0.2212766,    1.302128,
Jo Johnson,2018-05-23,P9,7.553191e-02,  15.7106383,   92.451064,
John Bercow,2016-05-18,P1,2.076636e-01, 202.2642991, 1342.129533,uk.org.publicwhip/debate/2016-05-18a.3.0
John Bercow,2016-05-18,P10,1.104673e-01, 107.5951402,  713.950093,
John Bercow,2016-05-18,P2,8.990654e-02,  87.5689720,  581.065981,
John Bercow,2016-05-18,P3,4.317757e-02,  42.0549533,  279.056636,
John Bercow,2016-05-18,P4,1.478505e-01, 144.0063551,  955.557570,
John Bercow,2016-05-18,P5,1.927103e-01, 187.6998131, 1245.486542,
John Bercow,2016-05-18,P6,3.925234e-03,   3.8231776,   25.368785,
John Bercow,2016-05-18,P7,1.869159e-04,   0.1820561,    1.208037,
John Bercow,2016-05-18,P8,1.869159e-04,   0.1820561,    1.208037,
John Bercow,2016-05-18,P9,2.039252e-01, 198.6231776, 1317.968785,
Karin Smyth,2019-10-17,P1,4.901961e-04,   0.2328431,    1.412745,
Karin Smyth,2019-10-17,P10,4.901961e-04,   0.2328431,    1.412745,
Karin Smyth,2019-10-17,P2,4.901961e-04,   0.2328431,    1.412745,
Karin Smyth,2019-10-17,P3,2.500000e-02,  11.8750000,   72.050000,
Karin Smyth,2019-10-17,P4,1.622549e-01,  77.0710784,  467.618627,
Karin Smyth,2019-10-17,P5,3.338235e-01, 158.5661765,  962.079412,uk.org.publicwhip/debate/2019-10-17c.545.0
Karin Smyth,2019-10-17,P6,1.965686e-01,  93.3700980,  566.510784,
Karin Smyth,2019-10-17,P7,7.401961e-02,  35.1593137,  213.324510,
Karin Smyth,2019-10-17,P8,2.063725e-01,  98.0269608,  594.765686,
Karin Smyth,2019-10-17,P9,4.901961e-04,   0.2328431,    1.412745,
Kerry McCarthy,2019-02-07,P1,1.000000e-01,   4.3000000,   24.600000,
Kerry McCarthy,2019-02-07,P10,4.761905e-03,   0.2047619,    1.171429,
Kerry McCarthy,2019-02-07,P2,4.761905e-03,   0.2047619,    1.171429,
Kerry McCarthy,2019-02-07,P3,4.761905e-03,   0.2047619,    1.171429,
Kerry McCarthy,2019-02-07,P4,4.761905e-03,   0.2047619,    1.171429,
Kerry McCarthy,2019-02-07,P5,4.761905e-03,   0.2047619,    1.171429,
Kerry McCarthy,2019-02-07,P6,7.666667e-01,  32.9666667,  188.600000,uk.org.publicwhip/debate/2019-02-07b.386.4
Kerry McCarthy,2019-02-07,P7,1.000000e-01,   4.3000000,   24.600000,
Kerry McCarthy,2019-02-07,P8,4.761905e-03,   0.2047619,    1.171429,
Kerry McCarthy,2019-02-07,P9,4.761905e-03,   0.2047619,    1.171429,
Kevin Hollinrake,2018-10-31,P1,8.333333e-03,   0.2250000,    1.291667,
Kevin Hollinrake,2018-10-31,P10,8.333333e-03,   0.2250000,    1.291667,
Kevin Hollinrake,2018-10-31,P2,9.166667e-02,   2.4750000,   14.208333,
Kevin Hollinrake,2018-10-31,P3,8.333333e-03,   0.2250000,    1.291667,
Kevin Hollinrake,2018-10-31,P4,8.333333e-03,   0.2250000,    1.291667,
Kevin Hollinrake,2018-10-31,P5,8.333333e-03,   0.2250000,    1.291667,
Kevin Hollinrake,2018-10-31,P6,3.416667e-01,   9.2250000,   52.958333,
Kevin Hollinrake,2018-10-31,P7,5.083333e-01,  13.7250000,   78.791667,uk.org.publicwhip/debate/2018-10-31a.928.4
Kevin Hollinrake,2018-10-31,P8,8.333333e-03,   0.2250000,    1.291667,
Kevin Hollinrake,2018-10-31,P9,8.333333e-03,   0.2250000,    1.291667,
Kit Malthouse,2019-03-28,P1,3.623188e-04,   0.2047101,    1.345652,
Kit Malthouse,2019-03-28,P10,1.485507e-02,   8.3931159,   55.171739,
Kit Malthouse,2019-03-28,P2,3.623188e-04,   0.2047101,    1.345652,
Kit Malthouse,2019-03-28,P3,3.623188e-04,   0.2047101,    1.345652,
Kit Malthouse,2019-03-28,P4,3.985507e-03,   2.2518116,   14.802174,
Kit Malthouse,2019-03-28,P5,3.623188e-04,   0.2047101,    1.345652,
Kit Malthouse,2019-03-28,P6,1.887681e-01, 106.6539855,  701.084783,
Kit Malthouse,2019-03-28,P7,2.938406e-01, 166.0199275, 1091.323913,
Kit Malthouse,2019-03-28,P8,1.123188e-02,   6.3460145,   41.715217,
Kit Malthouse,2019-03-28,P9,4.858696e-01, 274.5163043, 1804.519565,uk.org.publicwhip/debate/2019-03-28b.662.1
Kwasi Kwarteng,2019-10-22,P1,3.030303e-03,   0.2242424,    1.245455,
Kwasi Kwarteng,2019-10-22,P10,3.030303e-03,   0.2242424,    1.245455,
Kwasi Kwarteng,2019-10-22,P2,1.545455e-01,  11.4363636,   63.518182,
Kwasi Kwarteng,2019-10-22,P3,3.030303e-03,   0.2242424,    1.245455,
Kwasi Kwarteng,2019-10-22,P4,3.030303e-03,   0.2242424,    1.245455,
Kwasi Kwarteng,2019-10-22,P5,3.030303e-03,   0.2242424,    1.245455,
Kwasi Kwarteng,2019-10-22,P6,7.909091e-01,  58.5272727,  325.063636,uk.org.publicwhip/debate/2019-10-22d.802.0
Kwasi Kwarteng,2019-10-22,P7,3.030303e-03,   0.2242424,    1.245455,
Kwasi Kwarteng,2019-10-22,P8,3.030303e-03,   0.2242424,    1.245455,
Kwasi Kwarteng,2019-10-22,P9,3.333333e-02,   2.4666667,   13.700000,
Margaret Greenwood,2016-09-07,P1,2.580952e-01,  60.3942857,  373.721905,
Margaret Greenwood,2016-09-07,P10,9.523810e-04,   0.2228571,    1.379048,
Margaret Greenwood,2016-09-07,P2,1.047619e-02,   2.4514286,   15.169524,
Margaret Greenwood,2016-09-07,P3,9.523810e-04,   0.2228571,    1.379048,
Margaret Greenwood,2016-09-07,P4,2.952381e-02,   6.9085714,   42.750476,
Margaret Greenwood,2016-09-07,P5,2.104762e-01,  49.2514286,  304.769524,
Margaret Greenwood,2016-09-07,P6,9.523810e-04,   0.2228571,    1.379048,
Margaret Greenwood,2016-09-07,P7,2.200000e-01,  51.4800000,  318.560000,
Margaret Greenwood,2016-09-07,P8,2.676190e-01,  62.6228571,  387.512381,uk.org.publicwhip/debate/2016-09-07b.405.0
Margaret Greenwood,2016-09-07,P9,9.523810e-04,   0.2228571,    1.379048,
Margaret Ritchie,2016-01-07,P1,1.000000e-02,   0.2400000,    1.590000,
Margaret Ritchie,2016-01-07,P10,4.100000e-01,   9.8400000,   65.190000,
Margaret Ritchie,2016-01-07,P2,1.000000e-02,   0.2400000,    1.590000,
Margaret Ritchie,2016-01-07,P3,1.000000e-02,   0.2400000,    1.590000,
Margaret Ritchie,2016-01-07,P4,1.000000e-02,   0.2400000,    1.590000,
Margaret Ritchie,2016-01-07,P5,1.000000e-02,   0.2400000,    1.590000,
Margaret Ritchie,2016-01-07,P6,5.100000e-01,  12.2400000,   81.090000,uk.org.publicwhip/debate/2016-01-07b.417.3
Margaret Ritchie,2016-01-07,P7,1.000000e-02,   0.2400000,    1.590000,
Margaret Ritchie,2016-01-07,P8,1.000000e-02,   0.2400000,    1.590000,
Margaret Ritchie,2016-01-07,P9,1.000000e-02,   0.2400000,    1.590000,
Mary Creagh,2016-09-07,P1,5.352941e-02,  23.6064706,  139.230000,
Mary Creagh,2016-09-07,P10,7.705882e-02,  33.9829412,  200.430000,
Mary Creagh,2016-09-07,P2,1.300000e-01,  57.3300000,  338.130000,
Mary Creagh,2016-09-07,P3,5.882353e-04,   0.2594118,    1.530000,
Mary Creagh,2016-09-07,P4,2.005882e-01,  88.4594118,  521.730000,uk.org.publicwhip/debate/2016-09-07b.412.0
Mary Creagh,2016-09-07,P5,6.529412e-02,  28.7947059,  169.830000,
Mary Creagh,2016-09-07,P6,9.470588e-02,  41.7652941,  246.330000,
Mary Creagh,2016-09-07,P7,1.947059e-01,  85.8652941,  506.430000,
Mary Creagh,2016-09-07,P8,1.829412e-01,  80.6770588,  475.830000,
Mary Creagh,2016-09-07,P9,5.882353e-04,   0.2594118,    1.530000,
Mary Creagh,2017-02-27,P1,1.612903e-03,   0.2387097,    1.416129,
Mary Creagh,2017-02-27,P10,1.612903e-03,   0.2387097,    1.416129,
Mary Creagh,2017-02-27,P2,5.177419e-01,  76.6258065,  454.577419,uk.org.publicwhip/debate/2017-02-27b.53.1
Mary Creagh,2017-02-27,P3,1.612903e-03,   0.2387097,    1.416129,
Mary Creagh,2017-02-27,P4,1.612903e-03,   0.2387097,    1.416129,
Mary Creagh,2017-02-27,P5,1.467742e-01,  21.7225806,  128.867742,
Mary Creagh,2017-02-27,P6,6.612903e-02,   9.7870968,   58.061290,
Mary Creagh,2017-02-27,P7,5.000000e-02,   7.4000000,   43.900000,
Mary Creagh,2017-02-27,P8,2.112903e-01,  31.2709677,  185.512903,
Mary Creagh,2017-02-27,P9,1.612903e-03,   0.2387097,    1.416129,
Mary Robinson,2019-06-26,P1,4.517241e-01,  30.2655172,  173.010345,uk.org.publicwhip/debate/2019-06-26a.659.4
Mary Robinson,2019-06-26,P10,2.103448e-01,  14.0931034,   80.562069,
Mary Robinson,2019-06-26,P2,3.448276e-03,   0.2310345,    1.320690,
Mary Robinson,2019-06-26,P3,1.068966e-01,   7.1620690,   40.941379,
Mary Robinson,2019-06-26,P4,3.448276e-03,   0.2310345,    1.320690,
Mary Robinson,2019-06-26,P5,3.793103e-02,   2.5413793,   14.527586,
Mary Robinson,2019-06-26,P6,3.448276e-03,   0.2310345,    1.320690,
Mary Robinson,2019-06-26,P7,1.758621e-01,  11.7827586,   67.355172,
Mary Robinson,2019-06-26,P8,3.448276e-03,   0.2310345,    1.320690,
Mary Robinson,2019-06-26,P9,3.448276e-03,   0.2310345,    1.320690,
Matt Western,2019-03-21,P1,1.685185e-01,  22.2444444,  123.692593,
Matt Western,2019-03-21,P10,1.851852e-03,   0.2444444,    1.359259,
Matt Western,2019-03-21,P2,1.851852e-03,   0.2444444,    1.359259,
Matt Western,2019-03-21,P3,1.851852e-03,   0.2444444,    1.359259,
Matt Western,2019-03-21,P4,1.851852e-03,   0.2444444,    1.359259,
Matt Western,2019-03-21,P5,2.055556e-01,  27.1333333,  150.877778,
Matt Western,2019-03-21,P6,1.851852e-03,   0.2444444,    1.359259,
Matt Western,2019-03-21,P7,3.166667e-01,  41.8000000,  232.433333,uk.org.publicwhip/debate/2019-03-21a.1252.3
Matt Western,2019-03-21,P8,2.981481e-01,  39.3555556,  218.840741,
Matt Western,2019-03-21,P9,1.851852e-03,   0.2444444,    1.359259,
Matthew Pennycook,2017-11-15,P1,1.337719e-02,  13.3905702,   82.229605,
Matthew Pennycook,2017-11-15,P10,1.537281e-01, 153.8817982,  944.966447,
Matthew Pennycook,2017-11-15,P2,2.192982e-04,   0.2195175,    1.348026,
Matthew Pennycook,2017-11-15,P3,2.192982e-04,   0.2195175,    1.348026,
Matthew Pennycook,2017-11-15,P4,2.412281e-03,   2.4146930,   14.828289,
Matthew Pennycook,2017-11-15,P5,2.192982e-04,   0.2195175,    1.348026,
Matthew Pennycook,2017-11-15,P6,3.969298e-02,  39.7326754,  243.992763,
Matthew Pennycook,2017-11-15,P7,2.436404e-01, 243.8839912, 1497.657237,
Matthew Pennycook,2017-11-15,P8,4.188596e-02,  41.9278509,  257.473026,
Matthew Pennycook,2017-11-15,P9,5.046053e-01, 505.1098684, 3101.808553,uk.org.publicwhip/debate/2017-11-15c.494.4
Michael Ellis,2019-07-18,P1,1.538462e-03,   0.2276923,    1.387692,
Michael Ellis,2019-07-18,P10,1.538462e-03,   0.2276923,    1.387692,
Michael Ellis,2019-07-18,P2,1.538462e-03,   0.2276923,    1.387692,
Michael Ellis,2019-07-18,P3,4.015385e-01,  59.4276923,  362.187692,uk.org.publicwhip/debate/2019-07-18a.945.0
Michael Ellis,2019-07-18,P4,2.323077e-01,  34.3815385,  209.541538,
Michael Ellis,2019-07-18,P5,1.538462e-03,   0.2276923,    1.387692,
Michael Ellis,2019-07-18,P6,3.553846e-01,  52.5969231,  320.556923,
Michael Ellis,2019-07-18,P7,1.538462e-03,   0.2276923,    1.387692,
Michael Ellis,2019-07-18,P8,1.538462e-03,   0.2276923,    1.387692,
Michael Ellis,2019-07-18,P9,1.538462e-03,   0.2276923,    1.387692,
Michael Tomlinson,2017-11-07,P1,1.428571e-02,   0.2285714,    1.342857,
Michael Tomlinson,2017-11-07,P10,1.571429e-01,   2.5142857,   14.771429,
Michael Tomlinson,2017-11-07,P2,1.428571e-02,   0.2285714,    1.342857,
Michael Tomlinson,2017-11-07,P3,1.428571e-02,   0.2285714,    1.342857,
Michael Tomlinson,2017-11-07,P4,1.428571e-02,   0.2285714,    1.342857,
Michael Tomlinson,2017-11-07,P5,1.428571e-02,   0.2285714,    1.342857,
Michael Tomlinson,2017-11-07,P6,7.285714e-01,  11.6571429,   68.485714,uk.org.publicwhip/debate/2017-11-07c.1321.5
Michael Tomlinson,2017-11-07,P7,1.428571e-02,   0.2285714,    1.342857,
Michael Tomlinson,2017-11-07,P8,1.428571e-02,   0.2285714,    1.342857,
Michael Tomlinson,2017-11-07,P9,1.428571e-02,   0.2285714,    1.342857,
Neil Gray,2016-07-18,P1,4.854077e-01, 252.4120172, 1509.618026,uk.org.publicwhip/debate/2016-07-18c.645.0
Neil Gray,2016-07-18,P10,4.291845e-04,   0.2231760,    1.334764,
Neil Gray,2016-07-18,P2,2.150215e-01, 111.8111588,  668.716738,
Neil Gray,2016-07-18,P3,4.291845e-04,   0.2231760,    1.334764,
Neil Gray,2016-07-18,P4,4.291845e-04,   0.2231760,    1.334764,
Neil Gray,2016-07-18,P5,1.291845e-01,  67.1759657,  401.763948,
Neil Gray,2016-07-18,P6,4.291845e-04,   0.2231760,    1.334764,
Neil Gray,2016-07-18,P7,1.291845e-01,  67.1759657,  401.763948,
Neil Gray,2016-07-18,P8,1.330472e-02,   6.9184549,   41.377682,
Neil Gray,2016-07-18,P9,2.618026e-02,  13.6137339,   81.420601,
Nicholas Soames,2018-11-22,P1,1.107143e-01,   7.6392857,   47.496429,
Nicholas Soames,2018-11-22,P10,7.892857e-01,  54.4607143,  338.603571,uk.org.publicwhip/debate/2018-11-22b.1110.5
Nicholas Soames,2018-11-22,P2,3.571429e-03,   0.2464286,    1.532143,
Nicholas Soames,2018-11-22,P3,3.571429e-03,   0.2464286,    1.532143,
Nicholas Soames,2018-11-22,P4,3.571429e-03,   0.2464286,    1.532143,
Nicholas Soames,2018-11-22,P5,3.571429e-03,   0.2464286,    1.532143,
Nicholas Soames,2018-11-22,P6,3.571429e-03,   0.2464286,    1.532143,
Nicholas Soames,2018-11-22,P7,3.571429e-03,   0.2464286,    1.532143,
Nicholas Soames,2018-11-22,P8,3.571429e-03,   0.2464286,    1.532143,
Nicholas Soames,2018-11-22,P9,7.500000e-02,   5.1750000,   32.175000,
Nicholas Soames,2019-03-25,P1,8.928571e-04,   0.2508929,    1.488393,
Nicholas Soames,2019-03-25,P10,1.258929e-01,  35.3758929,  209.863393,
Nicholas Soames,2019-03-25,P2,8.928571e-04,   0.2508929,    1.488393,
Nicholas Soames,2019-03-25,P3,8.928571e-04,   0.2508929,    1.488393,
Nicholas Soames,2019-03-25,P4,8.928571e-04,   0.2508929,    1.488393,
Nicholas Soames,2019-03-25,P5,7.330357e-01, 205.9830357, 1221.970536,uk.org.publicwhip/debate/2019-03-25c.92.1
Nicholas Soames,2019-03-25,P6,8.928571e-04,   0.2508929,    1.488393,
Nicholas Soames,2019-03-25,P7,1.348214e-01,  37.8848214,  224.747321,
Nicholas Soames,2019-03-25,P8,8.928571e-04,   0.2508929,    1.488393,
Nicholas Soames,2019-03-25,P9,8.928571e-04,   0.2508929,    1.488393,
Nigel Huddleston,2019-02-21,P1,5.882353e-03,   0.3117647,    1.788235,
Nigel Huddleston,2019-02-21,P10,5.882353e-03,   0.3117647,    1.788235,
Nigel Huddleston,2019-02-21,P2,5.882353e-03,   0.3117647,    1.788235,
Nigel Huddleston,2019-02-21,P3,5.882353e-03,   0.3117647,    1.788235,
Nigel Huddleston,2019-02-21,P4,5.882353e-03,   0.3117647,    1.788235,
Nigel Huddleston,2019-02-21,P5,3.000000e-01,  15.9000000,   91.200000,
Nigel Huddleston,2019-02-21,P6,5.882353e-03,   0.3117647,    1.788235,
Nigel Huddleston,2019-02-21,P7,6.529412e-01,  34.6058824,  198.494118,uk.org.publicwhip/debate/2019-02-21a.1593.1
Nigel Huddleston,2019-02-21,P8,5.882353e-03,   0.3117647,    1.788235,
Nigel Huddleston,2019-02-21,P9,5.882353e-03,   0.3117647,    1.788235,
Pat Glass,2016-03-09,P1,4.601351e-01, 169.3297297,  986.529730,uk.org.publicwhip/debate/2016-03-09a.281.0
Pat Glass,2016-03-09,P10,2.912162e-01, 107.1675676,  624.367568,
Pat Glass,2016-03-09,P2,1.418919e-02,   5.2216216,   30.421622,
Pat Glass,2016-03-09,P3,6.756757e-04,   0.2486486,    1.448649,
Pat Glass,2016-03-09,P4,6.756757e-04,   0.2486486,    1.448649,
Pat Glass,2016-03-09,P5,2.101351e-01,  77.3297297,  450.529730,
Pat Glass,2016-03-09,P6,6.756757e-04,   0.2486486,    1.448649,
Pat Glass,2016-03-09,P7,6.756757e-04,   0.2486486,    1.448649,
Pat Glass,2016-03-09,P8,6.756757e-04,   0.2486486,    1.448649,
Pat Glass,2016-03-09,P9,2.094595e-02,   7.7081081,   44.908108,
Patricia Gibson,2018-10-18,P1,1.400538e-01, 107.5612903,  638.785215,
Patricia Gibson,2018-10-18,P10,2.688172e-04,   0.2064516,    1.226075,
Patricia Gibson,2018-10-18,P2,2.529570e-01, 194.2709677, 1153.736828,uk.org.publicwhip/debate/2018-10-18b.833.2
Patricia Gibson,2018-10-18,P3,2.688172e-04,   0.2064516,    1.226075,
Patricia Gibson,2018-10-18,P4,9.166667e-02,  70.4000000,  418.091667,
Patricia Gibson,2018-10-18,P5,1.830645e-01, 140.5935484,  834.957258,
Patricia Gibson,2018-10-18,P6,2.688172e-04,   0.2064516,    1.226075,
Patricia Gibson,2018-10-18,P7,1.669355e-01, 128.2064516,  761.392742,
Patricia Gibson,2018-10-18,P8,1.642473e-01, 126.1419355,  749.131989,
Patricia Gibson,2018-10-18,P9,2.688172e-04,   0.2064516,    1.226075,
Patricia Gibson,2019-05-01,P1,4.347826e-03,   0.2652174,    1.517391,
Patricia Gibson,2019-05-01,P10,4.347826e-03,   0.2652174,    1.517391,
Patricia Gibson,2019-05-01,P2,4.347826e-03,   0.2652174,    1.517391,
Patricia Gibson,2019-05-01,P3,4.347826e-03,   0.2652174,    1.517391,
Patricia Gibson,2019-05-01,P4,4.347826e-03,   0.2652174,    1.517391,
Patricia Gibson,2019-05-01,P5,7.869565e-01,  48.0043478,  274.647826,uk.org.publicwhip/debate/2019-05-01c.251.0
Patricia Gibson,2019-05-01,P6,4.347826e-03,   0.2652174,    1.517391,
Patricia Gibson,2019-05-01,P7,1.782609e-01,  10.8739130,   62.213043,
Patricia Gibson,2019-05-01,P8,4.347826e-03,   0.2652174,    1.517391,
Patricia Gibson,2019-05-01,P9,4.347826e-03,   0.2652174,    1.517391,
Patrick Grady,2016-01-25,P1,3.911765e-01, 208.8882353, 1269.758824,uk.org.publicwhip/debate/2016-01-25c.112.1
Patrick Grady,2016-01-25,P10,1.096639e-01,  58.5605042,  355.968908,
Patrick Grady,2016-01-25,P2,4.243697e-02,  22.6613445,  137.750420,
Patrick Grady,2016-01-25,P3,4.201681e-04,   0.2243697,    1.363866,
Patrick Grady,2016-01-25,P4,2.142857e-02,  11.4428571,   69.557143,
Patrick Grady,2016-01-25,P5,2.142857e-02,  11.4428571,   69.557143,
Patrick Grady,2016-01-25,P6,5.084034e-02,  27.1487395,  165.027731,
Patrick Grady,2016-01-25,P7,2.567227e-01, 137.0899160,  833.321849,
Patrick Grady,2016-01-25,P8,8.865546e-02,  47.3420168,  287.775630,
Patrick Grady,2016-01-25,P9,1.722689e-02,   9.1991597,   55.918487,
Patrick Grady,2016-09-07,P1,3.103093e-01,  80.0597938,  491.219588,uk.org.publicwhip/debate/2016-09-07b.419.1
Patrick Grady,2016-09-07,P10,1.030928e-03,   0.2659794,    1.631959,
Patrick Grady,2016-09-07,P2,1.030928e-03,   0.2659794,    1.631959,
Patrick Grady,2016-09-07,P3,1.030928e-03,   0.2659794,    1.631959,
Patrick Grady,2016-09-07,P4,2.072165e-01,  53.4618557,  328.023711,
Patrick Grady,2016-09-07,P5,2.164948e-02,   5.5855670,   34.271134,
Patrick Grady,2016-09-07,P6,2.690722e-01,  69.4206186,  425.941237,
Patrick Grady,2016-09-07,P7,1.865979e-01,  48.1422680,  295.384536,
Patrick Grady,2016-09-07,P8,1.030928e-03,   0.2659794,    1.631959,
Patrick Grady,2016-09-07,P9,1.030928e-03,   0.2659794,    1.631959,
Patrick Grady,2019-07-24,P1,6.774194e-02,   3.9967742,   24.116129,
Patrick Grady,2019-07-24,P10,1.322581e-01,   7.8032258,   47.083871,
Patrick Grady,2019-07-24,P2,3.225806e-03,   0.1903226,    1.148387,
Patrick Grady,2019-07-24,P3,3.548387e-02,   2.0935484,   12.632258,
Patrick Grady,2019-07-24,P4,3.225806e-03,   0.1903226,    1.148387,
Patrick Grady,2019-07-24,P5,3.225806e-03,   0.1903226,    1.148387,
Patrick Grady,2019-07-24,P6,3.548387e-02,   2.0935484,   12.632258,
Patrick Grady,2019-07-24,P7,3.225806e-03,   0.1903226,    1.148387,
Patrick Grady,2019-07-24,P8,1.000000e-01,   5.9000000,   35.600000,
Patrick Grady,2019-07-24,P9,6.161290e-01,  36.3516129,  219.341935,uk.org.publicwhip/debate/2019-07-24b.1362.2
Peter Aldous,2019-10-28,P1,5.882353e-04,   0.2158824,    1.313529,
Peter Aldous,2019-10-28,P10,5.882353e-04,   0.2158824,    1.313529,
Peter Aldous,2019-10-28,P2,5.882353e-04,   0.2158824,    1.313529,
Peter Aldous,2019-10-28,P3,1.770588e-01,  64.9805882,  395.372353,
Peter Aldous,2019-10-28,P4,1.182353e-01,  43.3923529,  264.019412,
Peter Aldous,2019-10-28,P5,5.882353e-04,   0.2158824,    1.313529,
Peter Aldous,2019-10-28,P6,1.123529e-01,  41.2335294,  250.884118,
Peter Aldous,2019-10-28,P7,5.882353e-04,   0.2158824,    1.313529,
Peter Aldous,2019-10-28,P8,3.476471e-01, 127.5864706,  776.295882,uk.org.publicwhip/debate/2019-10-28b.124.3
Peter Aldous,2019-10-28,P9,2.417647e-01,  88.7276471,  539.860588,
Rachel Maclean,2019-07-17,P1,8.440000e-01,  49.7960000,  284.428000,uk.org.publicwhip/debate/2019-07-17a.816.2
Rachel Maclean,2019-07-17,P10,4.000000e-03,   0.2360000,    1.348000,
Rachel Maclean,2019-07-17,P2,4.000000e-03,   0.2360000,    1.348000,
Rachel Maclean,2019-07-17,P3,4.400000e-02,   2.5960000,   14.828000,
Rachel Maclean,2019-07-17,P4,4.000000e-03,   0.2360000,    1.348000,
Rachel Maclean,2019-07-17,P5,4.000000e-03,   0.2360000,    1.348000,
Rachel Maclean,2019-07-17,P6,4.000000e-03,   0.2360000,    1.348000,
Rachel Maclean,2019-07-17,P7,4.400000e-02,   2.5960000,   14.828000,
Rachel Maclean,2019-07-17,P8,4.400000e-02,   2.5960000,   14.828000,
Rachel Maclean,2019-07-17,P9,4.000000e-03,   0.2360000,    1.348000,
Rachel Reeves,2016-01-06,P1,3.344482e-04,   0.2257525,    1.311037,
Rachel Reeves,2016-01-06,P10,3.344482e-04,   0.2257525,    1.311037,
Rachel Reeves,2016-01-06,P2,1.341137e-01,  90.5267559,  525.725753,
Rachel Reeves,2016-01-06,P3,3.344482e-04,   0.2257525,    1.311037,
Rachel Reeves,2016-01-06,P4,1.371237e-02,   9.2558528,   53.752508,
Rachel Reeves,2016-01-06,P5,2.879599e-01, 194.3729097, 1128.802676,
Rachel Reeves,2016-01-06,P6,3.344482e-04,   0.2257525,    1.311037,
Rachel Reeves,2016-01-06,P7,9.397993e-02,  63.4364548,  368.401338,
Rachel Reeves,2016-01-06,P8,4.384615e-01, 295.9615385, 1718.769231,uk.org.publicwhip/debate/2016-01-06b.366.1
Rachel Reeves,2016-01-06,P9,3.043478e-02,  20.5434783,  119.304348,
Rachel Reeves,2019-06-12,P1,1.666667e-02,   3.1000000,   17.016667,
Rachel Reeves,2019-06-12,P10,1.515152e-03,   0.2818182,    1.546970,
Rachel Reeves,2019-06-12,P2,3.181818e-02,   5.9181818,   32.486364,
Rachel Reeves,2019-06-12,P3,1.378788e-01,  25.6454545,  140.774242,
Rachel Reeves,2019-06-12,P4,1.515152e-03,   0.2818182,    1.546970,
Rachel Reeves,2019-06-12,P5,1.515152e-03,   0.2818182,    1.546970,
Rachel Reeves,2019-06-12,P6,7.287879e-01, 135.5545455,  744.092424,uk.org.publicwhip/debate/2019-06-12e.670.0
Rachel Reeves,2019-06-12,P7,7.727273e-02,  14.3727273,   78.895455,
Rachel Reeves,2019-06-12,P8,1.515152e-03,   0.2818182,    1.546970,
Rachel Reeves,2019-06-12,P9,1.515152e-03,   0.2818182,    1.546970,
Rebecca Pow,2019-03-18,P1,3.012048e-04,   0.2418675,    1.456325,
Rebecca Pow,2019-03-18,P10,3.644578e-02,  29.2659639,  176.215361,
Rebecca Pow,2019-03-18,P2,3.343373e-02,  26.8472892,  161.652108,
Rebecca Pow,2019-03-18,P3,3.012048e-04,   0.2418675,    1.456325,
Rebecca Pow,2019-03-18,P4,1.659639e-01, 133.2689759,  802.435241,
Rebecca Pow,2019-03-18,P5,3.012048e-04,   0.2418675,    1.456325,
Rebecca Pow,2019-03-18,P6,2.138554e-02,  17.1725904,  103.399096,
Rebecca Pow,2019-03-18,P7,1.087349e-01,  87.3141566,  525.733434,
Rebecca Pow,2019-03-18,P8,6.328313e-01, 508.1635542, 3059.739458,uk.org.publicwhip/debate/2019-03-18c.894.0
Rebecca Pow,2019-03-18,P9,3.012048e-04,   0.2418675,    1.456325,
Richard Benyon,2017-02-01,P1,4.504505e-04,   0.2729730,    1.505856,
Richard Benyon,2017-02-01,P10,4.463964e-01, 270.5162162, 1492.303153,uk.org.publicwhip/debate/2017-02-01b.1005.253
Richard Benyon,2017-02-01,P2,4.504505e-04,   0.2729730,    1.505856,
Richard Benyon,2017-02-01,P3,4.504505e-04,   0.2729730,    1.505856,
Richard Benyon,2017-02-01,P4,1.310811e-01,  79.4351351,  438.204054,
Richard Benyon,2017-02-01,P5,2.211712e-01, 134.0297297,  739.375225,
Richard Benyon,2017-02-01,P6,4.504505e-04,   0.2729730,    1.505856,
Richard Benyon,2017-02-01,P7,1.986486e-01, 120.3810811,  664.082432,
Richard Benyon,2017-02-01,P8,4.504505e-04,   0.2729730,    1.505856,
Richard Benyon,2017-02-01,P9,4.504505e-04,   0.2729730,    1.505856,
Ruth Cadbury,2019-10-28,P1,3.690037e-04,   0.2199262,    1.290406,
Ruth Cadbury,2019-10-28,P10,3.357934e-02,  20.0132841,  117.426937,
Ruth Cadbury,2019-10-28,P2,3.690037e-04,   0.2199262,    1.290406,
Ruth Cadbury,2019-10-28,P3,7.568266e-01, 451.0686347, 2646.622509,uk.org.publicwhip/debate/2019-10-28b.114.1
Ruth Cadbury,2019-10-28,P4,4.059041e-03,   2.4191882,   14.194465,
Ruth Cadbury,2019-10-28,P5,1.184502e-01,  70.5963100,  414.220295,
Ruth Cadbury,2019-10-28,P6,3.690037e-04,   0.2199262,    1.290406,
Ruth Cadbury,2019-10-28,P7,4.059041e-03,   2.4191882,   14.194465,
Ruth Cadbury,2019-10-28,P8,7.047970e-02,  42.0059041,  246.467528,
Ruth Cadbury,2019-10-28,P9,1.143911e-02,   6.8177122,   40.002583,
Ruth George,2019-02-28,P1,8.378378e-02,   7.7081081,   44.572973,
Ruth George,2019-02-28,P10,2.702703e-03,   0.2486486,    1.437838,
Ruth George,2019-02-28,P2,2.702703e-03,   0.2486486,    1.437838,
Ruth George,2019-02-28,P3,2.702703e-03,   0.2486486,    1.437838,
Ruth George,2019-02-28,P4,2.972973e-02,   2.7351351,   15.816216,
Ruth George,2019-02-28,P5,2.972973e-02,   2.7351351,   15.816216,
Ruth George,2019-02-28,P6,5.162162e-01,  47.4918919,  274.627027,uk.org.publicwhip/debate/2019-02-28a.602.2
Ruth George,2019-02-28,P7,2.702703e-03,   0.2486486,    1.437838,
Ruth George,2019-02-28,P8,3.270270e-01,  30.0864865,  173.978378,
Ruth George,2019-02-28,P9,2.702703e-03,   0.2486486,    1.437838,
Stephen Doughty,2019-09-09,P1,7.562500e-02,  31.3843750,  184.146875,
Stephen Doughty,2019-09-09,P10,2.006250e-01,  83.2593750,  488.521875,
Stephen Doughty,2019-09-09,P2,6.250000e-04,   0.2593750,    1.521875,
Stephen Doughty,2019-09-09,P3,6.250000e-04,   0.2593750,    1.521875,
Stephen Doughty,2019-09-09,P4,6.250000e-04,   0.2593750,    1.521875,
Stephen Doughty,2019-09-09,P5,3.131250e-01, 129.9468750,  762.459375,uk.org.publicwhip/debate/2019-09-09c.549.4
Stephen Doughty,2019-09-09,P6,6.250000e-04,   0.2593750,    1.521875,
Stephen Doughty,2019-09-09,P7,2.756250e-01, 114.3843750,  671.146875,
Stephen Doughty,2019-09-09,P8,6.250000e-04,   0.2593750,    1.521875,
Stephen Doughty,2019-09-09,P9,1.318750e-01,  54.7281250,  321.115625,
Stephen Gethins,2018-12-03,P1,1.805970e-01,  28.1731343,  165.607463,
Stephen Gethins,2018-12-03,P10,1.492537e-03,   0.2328358,    1.368657,
Stephen Gethins,2018-12-03,P2,1.492537e-03,   0.2328358,    1.368657,
Stephen Gethins,2018-12-03,P3,1.492537e-03,   0.2328358,    1.368657,
Stephen Gethins,2018-12-03,P4,6.119403e-02,   9.5462687,   56.114925,
Stephen Gethins,2018-12-03,P5,1.492537e-03,   0.2328358,    1.368657,
Stephen Gethins,2018-12-03,P6,1.059701e-01,  16.5313433,   97.174627,
Stephen Gethins,2018-12-03,P7,6.432836e-01, 100.3522388,  589.891045,uk.org.publicwhip/debate/2018-12-03b.610.1
Stephen Gethins,2018-12-03,P8,1.492537e-03,   0.2328358,    1.368657,
Stephen Gethins,2018-12-03,P9,1.492537e-03,   0.2328358,    1.368657,
Stephen Gethins,2019-03-11,P1,3.940476e-01,  81.9619048,  500.834524,
Stephen Gethins,2019-03-11,P10,6.071429e-02,  12.6285714,   77.167857,
Stephen Gethins,2019-03-11,P2,1.190476e-03,   0.2476190,    1.513095,
Stephen Gethins,2019-03-11,P3,1.190476e-03,   0.2476190,    1.513095,
Stephen Gethins,2019-03-11,P4,2.500000e-02,   5.2000000,   31.775000,
Stephen Gethins,2019-03-11,P5,3.690476e-02,   7.6761905,   46.905952,
Stephen Gethins,2019-03-11,P6,1.190476e-03,   0.2476190,    1.513095,
Stephen Gethins,2019-03-11,P7,4.535714e-01,  94.3428571,  576.489286,uk.org.publicwhip/debate/2019-03-11c.80.1
Stephen Gethins,2019-03-11,P8,1.190476e-03,   0.2476190,    1.513095,
Stephen Gethins,2019-03-11,P9,2.500000e-02,   5.2000000,   31.775000,
Stephen Gethins,2019-04-09,P1,7.076023e-02,  34.7432749,  191.194152,
Stephen Gethins,2019-04-09,P10,4.450292e-01, 218.5093567, 1202.469006,uk.org.publicwhip/debate/2019-04-09c.244.1
Stephen Gethins,2019-04-09,P2,5.847953e-04,   0.2871345,    1.580117,
Stephen Gethins,2019-04-09,P3,5.847953e-04,   0.2871345,    1.580117,
Stephen Gethins,2019-04-09,P4,5.847953e-04,   0.2871345,    1.580117,
Stephen Gethins,2019-04-09,P5,2.345029e-01, 115.1409357,  633.626901,
Stephen Gethins,2019-04-09,P6,5.847953e-04,   0.2871345,    1.580117,
Stephen Gethins,2019-04-09,P7,2.461988e-01, 120.8836257,  665.229240,
Stephen Gethins,2019-04-09,P8,5.847953e-04,   0.2871345,    1.580117,
Stephen Gethins,2019-04-09,P9,5.847953e-04,   0.2871345,    1.580117,
Stephen Kerr,2019-10-17,P1,3.731343e-04,   0.2548507,    1.455224,
Stephen Kerr,2019-10-17,P10,3.731343e-04,   0.2548507,    1.455224,
Stephen Kerr,2019-10-17,P2,9.738806e-02,  66.5160448,  379.813433,
Stephen Kerr,2019-10-17,P3,2.205224e-01, 150.6167910,  860.037313,uk.org.publicwhip/debate/2019-10-17c.541.0
Stephen Kerr,2019-10-17,P4,1.197761e-01,  81.8070896,  467.126866,
Stephen Kerr,2019-10-17,P5,1.496269e-01, 102.1951493,  583.544776,
Stephen Kerr,2019-10-17,P6,1.906716e-01, 130.2287313,  743.619403,
Stephen Kerr,2019-10-17,P7,1.197761e-01,  81.8070896,  467.126866,
Stephen Kerr,2019-10-17,P8,1.011194e-01,  69.0645522,  394.365672,
Stephen Kerr,2019-10-17,P9,3.731343e-04,   0.2548507,    1.455224,
Stephen Twigg,2019-07-01,P1,3.737288e-01, 109.1288136,  657.015254,
Stephen Twigg,2019-07-01,P10,8.474576e-04,   0.2474576,    1.489831,
Stephen Twigg,2019-07-01,P2,1.618644e-01,  47.2644068,  284.557627,
Stephen Twigg,2019-07-01,P3,8.474576e-04,   0.2474576,    1.489831,
Stephen Twigg,2019-07-01,P4,8.474576e-04,   0.2474576,    1.489831,
Stephen Twigg,2019-07-01,P5,8.474576e-04,   0.2474576,    1.489831,
Stephen Twigg,2019-07-01,P6,8.474576e-04,   0.2474576,    1.489831,
Stephen Twigg,2019-07-01,P7,3.991525e-01, 116.5525424,  701.710169,uk.org.publicwhip/debate/2019-07-01c.957.4
Stephen Twigg,2019-07-01,P8,8.474576e-04,   0.2474576,    1.489831,
Stephen Twigg,2019-07-01,P9,6.016949e-02,  17.5694915,  105.777966,
Teresa Pearce,2018-03-13,P1,4.545455e-03,   0.2681818,    1.568182,
Teresa Pearce,2018-03-13,P10,4.545455e-03,   0.2681818,    1.568182,
Teresa Pearce,2018-03-13,P2,4.545455e-03,   0.2681818,    1.568182,
Teresa Pearce,2018-03-13,P3,4.545455e-03,   0.2681818,    1.568182,
Teresa Pearce,2018-03-13,P4,4.545455e-03,   0.2681818,    1.568182,
Teresa Pearce,2018-03-13,P5,4.545455e-03,   0.2681818,    1.568182,
Teresa Pearce,2018-03-13,P6,8.681818e-01,  51.2227273,  299.522727,uk.org.publicwhip/debate/2018-03-13c.698.3
Teresa Pearce,2018-03-13,P7,9.545455e-02,   5.6318182,   32.931818,
Teresa Pearce,2018-03-13,P8,4.545455e-03,   0.2681818,    1.568182,
Teresa Pearce,2018-03-13,P9,4.545455e-03,   0.2681818,    1.568182,
Therese Coffey,2019-04-23,P1,1.661631e-03,   2.3163142,   14.211934,
Therese Coffey,2019-04-23,P10,1.510574e-04,   0.2105740,    1.291994,
Therese Coffey,2019-04-23,P2,1.255287e-01, 174.9870091, 1073.646979,
Therese Coffey,2019-04-23,P3,4.682779e-03,   6.5277946,   40.051813,
Therese Coffey,2019-04-23,P4,3.173716e-01, 442.4160121, 2714.479305,
Therese Coffey,2019-04-23,P5,1.510574e-04,   0.2105740,    1.291994,
Therese Coffey,2019-04-23,P6,1.510574e-04,   0.2105740,    1.291994,
Therese Coffey,2019-04-23,P7,1.481873e-01, 206.5731118, 1267.446073,
Therese Coffey,2019-04-23,P8,3.974320e-01, 554.0202417, 3399.236103,uk.org.publicwhip/debate/2019-04-23a.721.0
Therese Coffey,2019-04-23,P9,4.682779e-03,   6.5277946,   40.051813,
Tobias Ellwood,2019-10-14,P1,4.078947e-02,   8.9328947,   52.047368,
Tobias Ellwood,2019-10-14,P10,1.315789e-03,   0.2881579,    1.678947,
Tobias Ellwood,2019-10-14,P2,1.315789e-03,   0.2881579,    1.678947,
Tobias Ellwood,2019-10-14,P3,1.315789e-03,   0.2881579,    1.678947,
Tobias Ellwood,2019-10-14,P4,2.776316e-01,  60.8013158,  354.257895,
Tobias Ellwood,2019-10-14,P5,3.697368e-01,  80.9723684,  471.784211,uk.org.publicwhip/debate/2019-10-14a.76.0
Tobias Ellwood,2019-10-14,P6,5.394737e-02,  11.8144737,   68.836842,
Tobias Ellwood,2019-10-14,P7,2.513158e-01,  55.0381579,  320.678947,
Tobias Ellwood,2019-10-14,P8,1.315789e-03,   0.2881579,    1.678947,
Tobias Ellwood,2019-10-14,P9,1.315789e-03,   0.2881579,    1.678947,
Tom Brake,2019-05-21,P1,3.846154e-03,   0.2576923,    1.530769,
Tom Brake,2019-05-21,P10,1.961538e-01,  13.1423077,   78.069231,
Tom Brake,2019-05-21,P2,3.846154e-03,   0.2576923,    1.530769,
Tom Brake,2019-05-21,P3,4.230769e-02,   2.8346154,   16.838462,
Tom Brake,2019-05-21,P4,4.230769e-02,   2.8346154,   16.838462,
Tom Brake,2019-05-21,P5,3.846154e-03,   0.2576923,    1.530769,
Tom Brake,2019-05-21,P6,5.423077e-01,  36.3346154,  215.838462,uk.org.publicwhip/debate/2019-05-21a.604.1
Tom Brake,2019-05-21,P7,3.846154e-03,   0.2576923,    1.530769,
Tom Brake,2019-05-21,P8,3.846154e-03,   0.2576923,    1.530769,
Tom Brake,2019-05-21,P9,1.576923e-01,  10.5653846,   62.761538,
Valerie Vaz,2017-10-26,P1,2.087683e-04,   0.2736952,    1.551148,
Valerie Vaz,2017-10-26,P10,1.567850e-01, 205.5450939, 1164.912317,
Valerie Vaz,2017-10-26,P2,1.212944e-01, 159.0169102,  901.217119,
Valerie Vaz,2017-10-26,P3,2.087683e-04,   0.2736952,    1.551148,
Valerie Vaz,2017-10-26,P4,1.064718e-02,  13.9584551,   79.108559,
Valerie Vaz,2017-10-26,P5,1.338205e-01, 175.4386221,  994.286013,
Valerie Vaz,2017-10-26,P6,8.559499e-03,  11.2215031,   63.597077,
Valerie Vaz,2017-10-26,P7,4.991649e-01, 654.4052192, 3708.795407,uk.org.publicwhip/debate/2017-10-26b.457.0
Valerie Vaz,2017-10-26,P8,6.471816e-03,   8.4845511,   48.085595,
Valerie Vaz,2017-10-26,P9,6.283925e-02,  82.3822547,  466.895616,
Valerie Vaz,2019-04-25,P1,1.609375e-01, 163.8343750,  981.718750,
Valerie Vaz,2019-04-25,P10,8.504464e-02,  86.5754464,  518.772321,
Valerie Vaz,2019-04-25,P2,5.602679e-02,  57.0352679,  341.763393,
Valerie Vaz,2019-04-25,P3,5.602679e-02,  57.0352679,  341.763393,
Valerie Vaz,2019-04-25,P4,2.232143e-04,   0.2272321,    1.361607,
Valerie Vaz,2019-04-25,P5,3.439732e-01, 350.1647321, 2098.236607,uk.org.publicwhip/debate/2019-04-25c.909.2
Valerie Vaz,2019-04-25,P6,2.232143e-04,   0.2272321,    1.361607,
Valerie Vaz,2019-04-25,P7,2.546875e-01, 259.2718750, 1553.593750,
Valerie Vaz,2019-04-25,P8,2.232143e-04,   0.2272321,    1.361607,
Valerie Vaz,2019-04-25,P9,4.263393e-02,  43.4013393,  260.066964,
Zac Goldsmith,2017-09-12,P1,2.439024e-03,   0.1829268,    1.141463,
Zac Goldsmith,2017-09-12,P10,2.439024e-03,   0.1829268,    1.141463,
Zac Goldsmith,2017-09-12,P2,2.439024e-03,   0.1829268,    1.141463,
Zac Goldsmith,2017-09-12,P3,2.439024e-03,   0.1829268,    1.141463,
Zac Goldsmith,2017-09-12,P4,2.439024e-03,   0.1829268,    1.141463,
Zac Goldsmith,2017-09-12,P5,2.439024e-03,   0.1829268,    1.141463,
Zac Goldsmith,2017-09-12,P6,7.585366e-01,  56.8902439,  354.995122,uk.org.publicwhip/debate/2017-09-12a.632.3
Zac Goldsmith,2017-09-12,P7,2.682927e-02,   2.0121951,   12.556098,
Zac Goldsmith,2017-09-12,P8,1.975610e-01,  14.8170732,   92.458537,
Zac Goldsmith,2017-09-12,P9,2.439024e-03,   0.1829268,    1.141463,
Zac Goldsmith,2018-01-30,P1,1.984127e-04,   0.2148810,    1.257341,
Zac Goldsmith,2018-01-30,P10,1.984127e-04,   0.2148810,    1.257341,
Zac Goldsmith,2018-01-30,P2,1.013889e-01, 109.8041667,  642.501389,
Zac Goldsmith,2018-01-30,P3,1.984127e-04,   0.2148810,    1.257341,
Zac Goldsmith,2018-01-30,P4,1.509921e-01, 163.5244048,  956.836706,
Zac Goldsmith,2018-01-30,P5,7.162698e-02,  77.5720238,  453.900198,
Zac Goldsmith,2018-01-30,P6,1.984127e-04,   0.2148810,    1.257341,
Zac Goldsmith,2018-01-30,P7,1.748016e-01, 189.3101190, 1107.717659,
Zac Goldsmith,2018-01-30,P8,7.162698e-02,  77.5720238,  453.900198,
Zac Goldsmith,2018-01-30,P9,4.287698e-01, 464.3577381, 2717.114484,uk.org.publicwhip/debate/2018-01-30a.718.2
Zac Goldsmith,2018-06-25,P1,2.928571e-02,  10.1328571,   60.621429,
Zac Goldsmith,2018-06-25,P10,7.142857e-04,   0.2471429,    1.478571,
Zac Goldsmith,2018-06-25,P2,2.792857e-01,  96.6328571,  578.121429,
Zac Goldsmith,2018-06-25,P3,4.721429e-01, 163.3614286,  977.335714,uk.org.publicwhip/debate/2018-06-25d.691.0
Zac Goldsmith,2018-06-25,P4,7.142857e-04,   0.2471429,    1.478571,
Zac Goldsmith,2018-06-25,P5,1.007143e-01,  34.8471429,  208.478571,
Zac Goldsmith,2018-06-25,P6,7.857143e-03,   2.7185714,   16.264286,
Zac Goldsmith,2018-06-25,P7,1.078571e-01,  37.3185714,  223.264286,
Zac Goldsmith,2018-06-25,P8,7.142857e-04,   0.2471429,    1.478571,
Zac Goldsmith,2018-06-25,P9,7.142857e-04,   0.2471429,    1.478571,
Zac Goldsmith,2019-05-01,P1,2.272727e-03,   0.2090909,    1.343182,
Zac Goldsmith,2019-05-01,P10,2.272727e-03,   0.2090909,    1.343182,
Zac Goldsmith,2019-05-01,P2,2.272727e-03,   0.2090909,    1.343182,
Zac Goldsmith,2019-05-01,P3,2.272727e-03,   0.2090909,    1.343182,
Zac Goldsmith,2019-05-01,P4,2.272727e-03,   0.2090909,    1.343182,
Zac Goldsmith,2019-05-01,P5,2.295455e-01,  21.1181818,  135.661364,
Zac Goldsmith,2019-05-01,P6,2.500000e-02,   2.3000000,   14.775000,
Zac Goldsmith,2019-05-01,P7,1.159091e-01,  10.6636364,   68.502273,
Zac Goldsmith,2019-05-01,P8,6.159091e-01,  56.6636364,  364.002273,uk.org.publicwhip/debate/2019-05-01c.232.2
Zac Goldsmith,2019-05-01,P9,2.272727e-03,   0.2090909,    1.343182,
