doc_id,date,retweetcount,from_user_id,from_user_name,from_user_followercount,text,length,t_1,t_2,t_3,t_4,t_5,t_6,t_7,t_8,t_9
872238468679835649,2017-06-06,0,22460413,innaroz,1010,"@team_trump45 @realdonaldtrump @algore invented a new religious clan, #climatechange note, no more #globalwarming &amp; no more #globalcooling",17,0.009174311926605505,0.10091743119266056,0.009174311926605505,0.5596330275229358,0.1926605504587156,0.009174311926605505,0.009174311926605505,0.10091743119266056,0.009174311926605505
993806430519119872,2018-05-08,0,950972504,Fortgoose,33,@6esm #climatechange leadership debt looks good on kevin...,8,0.01694915254237288,0.01694915254237288,0.1864406779661017,0.1864406779661017,0.01694915254237288,0.01694915254237288,0.01694915254237288,0.5254237288135593,0.01694915254237288
980544595464474625,2018-04-01,18,16958346,ClimateReality,403775,"we know that climate changes health, but did you know that it could affect womens health in particular?",18,0.020408163265306124,0.020408163265306124,0.020408163265306124,0.020408163265306124,0.020408163265306124,0.020408163265306124,0.020408163265306124,0.020408163265306124,0.8367346938775511
813433313998217216,2016-12-26,0,4831370592,multi_utilities,199,"#alphatech5 2016: a year in photos, from climate change devastation to the power of protests. read blog:",17,0.011235955056179775,0.011235955056179775,0.46067415730337075,0.12359550561797754,0.011235955056179775,0.34831460674157305,0.011235955056179775,0.011235955056179775,0.011235955056179775
1042129141745643520,2018-09-18,0,185887462,McBullshit,15,@arifleischer he just wanted to show her the temperature rising in his pants. he didn't anticipate her #climate would change from lush and wet to dry as a desert. ???,30,0.008403361344537815,0.17647058823529413,0.008403361344537815,0.008403361344537815,0.008403361344537815,0.008403361344537815,0.6806722689075629,0.09243697478991597,0.008403361344537815
1064507104185249792,2018-11-19,0,934243940152348700,VeeruSahab,0,??? ???? ???? ?? ???? : combat climate change by cutting beef and lamb pro...,15,0.5254237288135593,0.01694915254237288,0.01694915254237288,0.01694915254237288,0.01694915254237288,0.01694915254237288,0.01694915254237288,0.01694915254237288,0.3559322033898305
1079196505691619328,2018-12-30,4,1028076974206537700,BioTechDirt,921,"kids suing us govt for ""endangering their constitutional right to a safe #climate"" please tell us this #lawsuit deals with government geoengineering...? #foodworldorder #chemtrails #geopolitiks @mediamonarchy @dum_phuk @shartstorm8d8 @deelunarfox @a_m_m_",30,0.4285714285714286,0.005291005291005292,0.005291005291005292,0.32275132275132273,0.005291005291005292,0.005291005291005292,0.21693121693121692,0.005291005291005292,0.005291005291005292
930148893999943680,2017-11-13,0,739570614843772900,emilysmelliott,109,"cities take up 3% of land, consume 70% of energy &amp; produce 75% of co2 emissions. end climate change w/ sustainability! @ambarnes8 #esslove",23,0.009174311926605505,0.009174311926605505,0.009174311926605505,0.009174311926605505,0.009174311926605505,0.10091743119266056,0.009174311926605505,0.009174311926605505,0.8348623853211009
1096846984043003910,2019-02-16,0,1008731226281332700,Joyceregister2,44,"@morrissey68 @skynews you are talking for climate change, and against the kids. why? yes it has changed, but not the way it is now, because of our actions.",28,0.014492753623188408,0.014492753623188408,0.014492753623188408,0.014492753623188408,0.014492753623188408,0.15942028985507248,0.5942028985507246,0.15942028985507248,0.014492753623188408
867143660953055232,2017-05-23,0,727316106843574300,BagalueSunab,490,roberts letter: climate change,4,0.034482758620689655,0.034482758620689655,0.3793103448275862,0.034482758620689655,0.034482758620689655,0.3793103448275862,0.034482758620689655,0.034482758620689655,0.034482758620689655
984319007116447744,2018-04-12,0,3290005917,CLIME_IT,5407,is your state prepared for #climate change?,7,0.034482758620689655,0.034482758620689655,0.034482758620689655,0.034482758620689655,0.034482758620689655,0.034482758620689655,0.7241379310344827,0.034482758620689655,0.034482758620689655
1039214986193559552,2018-09-10,0,394268358,DavidBakerSF,3622,then there's this... angry activists plan to crash jerry brown's sf climate summit,13,0.46067415730337075,0.011235955056179775,0.12359550561797754,0.011235955056179775,0.011235955056179775,0.34831460674157305,0.011235955056179775,0.011235955056179775,0.011235955056179775
833213826006994944,2017-02-19,3,730968586047512600,OpChemArchives,411,geo engineering scientists terrified... #climatechange,5,0.02040816326530612,0.02040816326530612,0.02040816326530612,0.6326530612244897,0.02040816326530612,0.22448979591836735,0.02040816326530612,0.02040816326530612,0.02040816326530612
1033323793509502977,2018-08-25,0,890688795712081900,ulricson,3571,another greenie bites the dust. aussie pm forced out by climate policy,12,0.012658227848101267,0.012658227848101267,0.012658227848101267,0.13924050632911394,0.012658227848101267,0.6455696202531646,0.13924050632911394,0.012658227848101267,0.012658227848101267
795961171119665152,2016-11-08,0,390116753,silvanaprecup,182,"the future of the worker:focus on the monetary value of start-ups&amp;#innovation, or on climate challenges?how do we redefine values?",19,0.009174311926605505,0.009174311926605505,0.009174311926605505,0.009174311926605505,0.009174311926605505,0.009174311926605505,0.009174311926605505,0.009174311926605505,0.9266055045871558
982336174281850881,2018-04-06,0,26702508,sdeitch,3812,@t85252010 @germainmichele @p0jorge @drqatari @ofirgendelman @unfccc @unenvironment @climate @climatereality @undpclimate @nasaclimate @environmentca @guardianeco @envagency @yalee360 @pewenvironment @unenvironmenteu @euenvironment you aren't involved in,22,0.005586592178770951,0.005586592178770951,0.8435754189944135,0.005586592178770951,0.005586592178770951,0.11731843575418996,0.005586592178770951,0.005586592178770951,0.005586592178770951
799817507573903360,2016-11-19,0,16289464,simon_prickett,712,"@car2gosandiego is leaving us. sad, but understandable. hope a climate exists in the future where you can return.",18,0.010101010101010102,0.010101010101010102,0.010101010101010102,0.010101010101010102,0.11111111111111112,0.010101010101010102,0.5151515151515151,0.31313131313131315,0.010101010101010102
938354691196497920,2017-12-06,0,731164510489313300,GCCThinkActTank,35972,"""fao considers climate change a top-line corporate priority.""",8,0.014492753623188408,0.014492753623188408,0.014492753623188408,0.014492753623188408,0.014492753623188408,0.30434782608695654,0.014492753623188408,0.014492753623188408,0.5942028985507246
954053950000508928,2018-01-18,1,2294240502,g_ponnappa,1191,now this is a climate change and sustainability angle that every tech consultant should know.,15,0.02040816326530612,0.02040816326530612,0.6326530612244897,0.02040816326530612,0.02040816326530612,0.02040816326530612,0.02040816326530612,0.02040816326530612,0.22448979591836735
839938919240101888,2017-03-09,0,35427745,dawiz88,163,climate change is real whether one believes it or not.,10,0.034482758620689655,0.034482758620689655,0.034482758620689655,0.034482758620689655,0.7241379310344827,0.034482758620689655,0.034482758620689655,0.034482758620689655,0.034482758620689655
808363651744878592,2016-12-12,0,3524165417,servicedotsucks,49,the,1,0.11111111111111112,0.11111111111111112,0.11111111111111112,0.11111111111111112,0.11111111111111112,0.11111111111111112,0.11111111111111112,0.11111111111111112,0.11111111111111112
870765023009931266,2017-06-02,0,4912320833,EthanLucas_com,7752,rand paul owns the climate change alarmists...,7,0.02040816326530612,0.02040816326530612,0.02040816326530612,0.6326530612244897,0.02040816326530612,0.02040816326530612,0.22448979591836735,0.02040816326530612,0.02040816326530612
1053917613645021184,2018-10-21,2,2435985578,Peleglab,192,our new paper is online in #mdpiagronomy unlocking the genetic diversity within a middle-east panel of durum wheat landraces for adaptation to semi-arid climate,24,0.006289308176100629,0.006289308176100629,0.006289308176100629,0.006289308176100629,0.006289308176100629,0.006289308176100629,0.1320754716981132,0.006289308176100629,0.8238993710691823
908282045578858496,2017-09-14,0,2329526714,JamesGDAngelo,9005,@drvox here's my notes from a recent talk at mit about how congressional transparency is the main driver of climate inaction.,21,0.009174311926605505,0.1926605504587156,0.6513761467889908,0.009174311926605505,0.009174311926605505,0.009174311926605505,0.009174311926605505,0.10091743119266056,0.009174311926605505
1052318245825331200,2018-10-16,0,3129499773,AMegaPeixoto,424,"@boomshaft33 @rowen22303404 @sensanders i have, for quite a while and the data increases each year. i rather believe that than this is a world wide conspiracy that involves every scientist, climate specialist and all the data, which clearly points to an o",42,0.006711409395973154,0.2080536912751678,0.14093959731543623,0.5436241610738255,0.0738255033557047,0.006711409395973154,0.006711409395973154,0.006711409395973154,0.006711409395973154
1051599708802768898,2018-10-14,1,2184934963,ECOWARRIORSS,6322,#climatechange for 30 years they have delayed #actonclimate now as we hurtle towards the end game they are still want to delay action - evil people - trumps economic adviser and marco rubio question extent of human contribution to climate change https://,42,0.19617224880382775,0.004784688995215312,0.004784688995215312,0.05263157894736843,0.004784688995215312,0.3875598086124402,0.004784688995215312,0.3397129186602871,0.004784688995215312
1035475596418146304,2018-08-31,0,902893333755908100,EarthSci_Jobs,156,#jobs,1,0.05263157894736842,0.05263157894736842,0.05263157894736842,0.05263157894736842,0.05263157894736842,0.5789473684210527,0.05263157894736842,0.05263157894736842,0.05263157894736842
907625316998373376,2017-09-12,0,1327051574,DestineSpirit,3168,"neil degrasse tyson, in one brilliant tweet, destroys climate change deniers favorite argument",13,0.010101010101010102,0.010101010101010102,0.010101010101010102,0.9191919191919191,0.010101010101010102,0.010101010101010102,0.010101010101010102,0.010101010101010102,0.010101010101010102
965722021878517760,2018-02-19,0,3272103062,TaxiCalifornia,5,"california cities and crazy climate change lawsuits - do as i say, not as i do",16,0.6326530612244897,0.02040816326530612,0.02040816326530612,0.22448979591836735,0.02040816326530612,0.02040816326530612,0.02040816326530612,0.02040816326530612,0.02040816326530612
899443112317034496,2017-08-21,0,37048866,tazalaz,2118,the trump administration just disbanded a federal advisory committee on #climatechange - the washington post,15,0.011235955056179775,0.011235955056179775,0.011235955056179775,0.011235955056179775,0.9101123595505617,0.011235955056179775,0.011235955056179775,0.011235955056179775,0.011235955056179775
1111240428018233344,2019-03-28,0,843893051361779700,Below2C_,4337,@naturesnatives i love your approach with cartoon characters. i'd appreciate your follow-back. i'm a climate activist and blogger @rise4climate,19,0.009174311926605505,0.009174311926605505,0.4678899082568807,0.28440366972477066,0.009174311926605505,0.1926605504587156,0.009174311926605505,0.009174311926605505,0.009174311926605505
895000035284312064,2017-08-08,0,19827010,bdnews24,207119,reuters: exclusive: u.s. envoys told to be coy on re-engaging in paris climate deal - cable,16,0.010101010101010102,0.010101010101010102,0.010101010101010102,0.010101010101010102,0.9191919191919191,0.010101010101010102,0.010101010101010102,0.010101010101010102,0.010101010101010102
887853285981396992,2017-07-20,0,747891181338525700,cosmicfirepeace,3111,#trump got his #climatechange advice from ditz @kimguilfoyle on #foxnews #fakenews for #fake #presidents @realdonaldtrump #parisagreement,16,0.009174311926605505,0.009174311926605505,0.009174311926605505,0.28440366972477066,0.6513761467889908,0.009174311926605505,0.009174311926605505,0.009174311926605505,0.009174311926605505
1066908540818870274,2018-11-26,0,231599877,Notash_Ariani,484,"top story: @existentialfish: 'right-wing panelist on meet the press on climate change: ""i'm not a scientist ... we need to also recognize we had two of the coldest years, biggest drop in global temperatures that we have",37,0.00628930817610063,0.00628930817610063,0.2578616352201258,0.5723270440251572,0.00628930817610063,0.00628930817610063,0.00628930817610063,0.00628930817610063,0.13207547169811323
938766345814069248,2017-12-07,0,4804640717,BizSustainably,194,vulnerable infrastructure at risk from climate.,6,0.02564102564102564,0.28205128205128205,0.02564102564102564,0.02564102564102564,0.02564102564102564,0.02564102564102564,0.02564102564102564,0.02564102564102564,0.5384615384615384
880727647210409985,2017-06-30,0,4023460582,LondonRmr,616,how the british climate is going to change throughout our lifetime,11,0.034482758620689655,0.034482758620689655,0.034482758620689655,0.034482758620689655,0.034482758620689655,0.034482758620689655,0.034482758620689655,0.7241379310344827,0.034482758620689655
875430092981379073,2017-06-15,1,95695246,Mattias_S,2585,"this is good news! "" #solar power will kill coal sooner than you think""",14,0.3924050632911392,0.26582278481012656,0.012658227848101266,0.012658227848101266,0.012658227848101266,0.012658227848101266,0.26582278481012656,0.012658227848101266,0.012658227848101266
885511028737327105,2017-07-13,0,1057766052,MurraySoupcoff,691,worse than seeing what goes into a sausage -- climate-change science improvised on the fly?,15,0.01694915254237288,0.01694915254237288,0.01694915254237288,0.01694915254237288,0.01694915254237288,0.01694915254237288,0.3559322033898305,0.5254237288135593,0.01694915254237288
719578416362713088,2016-04-11,15,123231225,citizensclimate,16078,on ccls blog: the psychology of #climate change communication,9,0.020408163265306124,0.020408163265306124,0.8367346938775511,0.020408163265306124,0.020408163265306124,0.020408163265306124,0.020408163265306124,0.020408163265306124,0.020408163265306124
870531682843193344,2017-06-02,0,736470566752915500,AlanBur40263460,7,#trump ditching the paris accord could trash all progress on climate so far. pledge to keep our climate safe,19,0.011235955056179775,0.011235955056179775,0.011235955056179775,0.011235955056179775,0.6853932584269662,0.011235955056179775,0.23595505617977527,0.011235955056179775,0.011235955056179775
707318803709960192,2016-03-08,0,2459137622,nataliefahmy,90,i'm calling on @potus to take bold action for our climate in his final term. join me here:,18,0.012658227848101267,0.012658227848101267,0.012658227848101267,0.13924050632911394,0.2658227848101266,0.012658227848101267,0.012658227848101267,0.012658227848101267,0.5189873417721519
1062875996993409024,2018-11-15,1,1060373355038093300,chop_jim,272,@caterey @commentator481 @catfertitta @nascarchuck336 @charliekirk11 @jjauthor creepy climate lawyer,9,0.12359550561797754,0.011235955056179775,0.011235955056179775,0.797752808988764,0.011235955056179775,0.011235955056179775,0.011235955056179775,0.011235955056179775,0.011235955056179775
861509625329336325,2017-05-08,0,833009174707593200,BreakPol_News,1211,#newrt un climate talks begin amid uncertainty over us position,10,0.014492753623188408,0.014492753623188408,0.014492753623188408,0.014492753623188408,0.8840579710144928,0.014492753623188408,0.014492753623188408,0.014492753623188408,0.014492753623188408
1034215988806410240,2018-08-27,0,38184592,rosalita2740,1377,@wantedsanders @cor10ee @7kidchaos what is your position on climate change?,10,0.01694915254237288,0.01694915254237288,0.01694915254237288,0.5254237288135593,0.01694915254237288,0.01694915254237288,0.1864406779661017,0.1864406779661017,0.01694915254237288
988256519069360128,2018-04-23,0,712327772270665700,A_Hannan_Ismail,1685,"@zackvoell @mikejcasey the coin center claim doesn't grasp how nat'l/int'l climate policy, or nascent co2 markets, work. renewables usage is growing but is still only 18% of total. dangerously off track. energy usage that relies on fossil fuels needs to",40,0.21338912133891214,0.04602510460251047,0.004184100418410042,0.1297071129707113,0.004184100418410042,0.004184100418410042,0.004184100418410042,0.04602510460251047,0.5481171548117155
874590496815009793,2017-06-13,1,3300732967,can_climate_guy,1429,yet even more #climate stupidity!?,5,0.05263157894736842,0.05263157894736842,0.05263157894736842,0.5789473684210527,0.05263157894736842,0.05263157894736842,0.05263157894736842,0.05263157894736842,0.05263157894736842
928766098060738562,2017-11-09,0,250916233,rockykistner1,1222,"the complicated story behind 18,000 dead penguin chicks",8,0.016949152542372885,0.016949152542372885,0.016949152542372885,0.016949152542372885,0.016949152542372885,0.016949152542372885,0.6949152542372882,0.016949152542372885,0.18644067796610173
749987981243604993,2016-07-04,1,2839496165,ResilienceKenya,341,climate impacts from farming are getting worse,7,0.02564102564102564,0.02564102564102564,0.02564102564102564,0.02564102564102564,0.02564102564102564,0.02564102564102564,0.28205128205128205,0.02564102564102564,0.5384615384615384
1058284570007822336,2018-11-02,0,338434181,k_takis,6,"i stand in solidarity with the people in mu?la for our climate, our planet and our future! coal has no borders! #coalhasnoborders",22,0.009174311926605505,0.009174311926605505,0.009174311926605505,0.009174311926605505,0.009174311926605505,0.9266055045871558,0.009174311926605505,0.009174311926605505,0.009174311926605505
846259285273296896,2017-03-27,0,836478464437923800,a296907_,24,record-breaking climate change pushes world into uncharted territory,8,0.014492753623188408,0.8840579710144928,0.014492753623188408,0.014492753623188408,0.014492753623188408,0.014492753623188408,0.014492753623188408,0.014492753623188408,0.014492753623188408
1104866283302973440,2019-03-10,0,1871224478,Avalurian,1263,"scientists predict that national parks will, on average, see the impact of climate change more severely than the rest of the u.s.",22,0.011235955056179775,0.9101123595505617,0.011235955056179775,0.011235955056179775,0.011235955056179775,0.011235955056179775,0.011235955056179775,0.011235955056179775,0.011235955056179775
900030816234995712,2017-08-22,0,860223165821308900,ProudBoysMD,289,"marc morano: bannon's departure ""bad news for climate skeptics""",9,0.012658227848101266,0.012658227848101266,0.13924050632911392,0.3924050632911392,0.3924050632911392,0.012658227848101266,0.012658227848101266,0.012658227848101266,0.012658227848101266
871452572372094977,2017-06-04,0,43861003,Redpolitics,3796,rt maxwelltani: stephanopoulos and wallace asked scott pruitt a combined 8 times whether trump thinks climate chan,17,0.008403361344537815,0.008403361344537815,0.008403361344537815,0.008403361344537815,0.8487394957983193,0.008403361344537815,0.09243697478991597,0.008403361344537815,0.008403361344537815
977720532396371974,2018-03-25,0,1582371870,kwstartups,1061,"backchnnl: in 1938, he concluded that humans must be changing the climate. people scoffed. now he'll be remembered as an early hero who kicked off an effort to save the world",31,0.007194244604316547,0.22302158273381295,0.007194244604316547,0.07913669064748202,0.007194244604316547,0.5107913669064748,0.007194244604316547,0.1510791366906475,0.007194244604316547
782563349372493824,2016-10-02,0,36924745,IFADnews,51607,test your #climateiq with @uncclearn,5,0.02564102564102564,0.02564102564102564,0.5384615384615384,0.02564102564102564,0.02564102564102564,0.02564102564102564,0.28205128205128205,0.02564102564102564,0.02564102564102564
968457335462121472,2018-02-27,0,2616390921,CarreresM,315,#enviromentalactionweek #day2 no meat day ? healthy no meat brunch? #europeontrack #climatechange #sustainability #eot5 #changemakers,15,0.008403361344537815,0.008403361344537815,0.17647058823529413,0.09243697478991597,0.008403361344537815,0.008403361344537815,0.6806722689075629,0.008403361344537815,0.008403361344537815
1024407123571208193,2018-07-31,1,39296373,BarbaraNavarro,11326,climate change is coming for underwater archaeological sites !!!,9,0.020408163265306124,0.8367346938775511,0.020408163265306124,0.020408163265306124,0.020408163265306124,0.020408163265306124,0.020408163265306124,0.020408163265306124,0.020408163265306124
883505247880183808,2017-07-08,0,327440452,Fafrette,223,#climate @iopenvironment business as usual ? deadly heatwaves could affect 74 % of the worlds population by 2100,18,0.011235955056179778,0.4606741573033708,0.011235955056179778,0.011235955056179778,0.011235955056179778,0.011235955056179778,0.011235955056179778,0.011235955056179778,0.4606741573033708
688747127456030724,2016-01-17,1,39512419,victorfarteaga,295,"#agwdenialisdead #climatechange ""the less we do to address climate change now, the more regulation we will have i...",18,0.7948717948717948,0.02564102564102564,0.02564102564102564,0.02564102564102564,0.02564102564102564,0.02564102564102564,0.02564102564102564,0.02564102564102564,0.02564102564102564
693481706213543936,2016-01-30,0,3076120055,giancardoescob,95,08 09 10 mazda 5 climate control panel temperature unit a/c heater oem cc1399,14,0.011235955056179775,0.011235955056179775,0.12359550561797754,0.011235955056179775,0.011235955056179775,0.011235955056179775,0.797752808988764,0.011235955056179775,0.011235955056179775
907568693571473409,2017-09-12,1,23071537,ConnieDCTrees,23,"@washingtonpost sadly, no. too many people deny climate change and put party before country, all in the name of profits. our poor planet.",23,0.009174311926605505,0.009174311926605505,0.009174311926605505,0.009174311926605505,0.009174311926605505,0.009174311926605505,0.009174311926605505,0.9266055045871558,0.009174311926605505
1069097419240017920,2018-12-02,0,15706896,d4v1d5m1t6,592,"@cnbc cigarette smoking goes down, global-climate-cold-hot-crisising goes up. coincidence? i. think. not!",12,0.011235955056179775,0.011235955056179775,0.011235955056179775,0.34831460674157305,0.23595505617977527,0.011235955056179775,0.34831460674157305,0.011235955056179775,0.011235955056179775
1055521809049694208,2018-10-25,3,973589023800176600,BT_MDuong,30,abc volunteer reader in mr. hermanns 3rd grade class. thank you for helping to create a positive and caring school climate. #brooktreees @berryessausd @projcornerstone @thoymca,25,0.00591715976331361,0.00591715976331361,0.5384615384615384,0.00591715976331361,0.06508875739644972,0.00591715976331361,0.00591715976331361,0.3609467455621302,0.00591715976331361
1012946016751046656,2018-06-30,0,44123191,fatweegee,115,@record_sport @daily_record 25m isnt astronomical for kt in current climate.,10,0.011235955056179775,0.34831460674157305,0.011235955056179775,0.23595505617977527,0.011235955056179775,0.011235955056179775,0.34831460674157305,0.011235955056179775,0.011235955056179775
1022984310821978115,2018-07-27,0,396782008,OswaldoGomezS,484,oikossokio: rt benthosnews: watch the #aquatrop2018 plenary by dr. narcis prat on the effects of climate change on aquatic invertebrates here,21,0.008403361344537816,0.4285714285714286,0.4285714285714286,0.008403361344537816,0.008403361344537816,0.09243697478991598,0.008403361344537816,0.008403361344537816,0.008403361344537816
717683954774646784,2016-04-06,0,2463112652,Climate_Cop,545,#renewableenergy,1,0.05263157894736842,0.05263157894736842,0.05263157894736842,0.05263157894736842,0.05263157894736842,0.05263157894736842,0.05263157894736842,0.05263157894736842,0.5789473684210527
1105918367838453761,2019-03-13,0,328696418,travkee,924,"patrick moore, co-founder of greenpeace: the whole climate crisis is not only fake news, its fake science. there is no climate crisis, theres weather and climate all around the world, and in fact carbon dioxide is the main building block of all life.",43,0.0050251256281407045,0.0050251256281407045,0.0050251256281407045,0.7587939698492463,0.0050251256281407045,0.0050251256281407045,0.0050251256281407045,0.05527638190954775,0.15577889447236182
848676979725316096,2017-04-02,1,517997193,PercievedLogic,10585,"the #elephant in the room #avoided re #climatechange &amp; the involved #methodology? the #ideology of the ""human made"" #capitalism #equation!",20,0.009174311926605505,0.009174311926605505,0.009174311926605505,0.009174311926605505,0.009174311926605505,0.009174311926605505,0.009174311926605505,0.9266055045871558,0.009174311926605505
788601678480179200,2016-10-19,0,272489027,seajlim,170,increasingly powerful storms due to climate change,7,0.02040816326530612,0.6326530612244897,0.02040816326530612,0.02040816326530612,0.02040816326530612,0.02040816326530612,0.02040816326530612,0.02040816326530612,0.22448979591836735
1001895611858411520,2018-05-30,0,2303720629,InterruptingSea,58,@mikedrucker great. just what our current climate needs.,8,0.02564102564102564,0.02564102564102564,0.02564102564102564,0.02564102564102564,0.02564102564102564,0.02564102564102564,0.7948717948717948,0.02564102564102564,0.02564102564102564
920593927182471168,2017-10-18,0,3996444437,melissabirchard,378,"last night i spoke up for clean energy &amp; the climate. folks near dublin, wolfeboro, &amp; portsmouth-this is your chance",20,0.11111111111111112,0.010101010101010102,0.4141414141414141,0.010101010101010102,0.11111111111111112,0.010101010101010102,0.31313131313131315,0.010101010101010102,0.010101010101010102
865235749586825216,2017-05-18,0,1134960248,3dogsmax,32,demand that #ferc protect communities &amp; #climate by stopping #rover pipeline construction now. #norover #stopetp,15,0.9266055045871558,0.009174311926605505,0.009174311926605505,0.009174311926605505,0.009174311926605505,0.009174311926605505,0.009174311926605505,0.009174311926605505,0.009174311926605505
1052162376085229568,2018-10-16,2,1942247293,beynate,4788,"climate change is an urgent and pressing problem according to scientific experts, putting a price on pollution is a proven solution according to economic experts, and this is a badge of honour.",32,0.006711409395973154,0.2080536912751678,0.006711409395973154,0.006711409395973154,0.006711409395973154,0.2080536912751678,0.006711409395973154,0.006711409395973154,0.5436241610738255
902560084345139200,2017-08-29,0,816119896442421200,AFCMSgt1SgtMTI,811,@ricksmithshow @amye999 @c_stroop agree. denying climate change will ultimately be the death of thousands. earth and nature will wait is out&amp;do what scientists have predicted,25,0.007194244604316548,0.5107913669064749,0.007194244604316548,0.15107913669064751,0.007194244604316548,0.007194244604316548,0.2949640287769784,0.007194244604316548,0.007194244604316548
920291171561279489,2017-10-17,1,3152567693,DoctorsToYou,200,well this article is definitely a breath of fresh air with understanding climate change. good read,16,0.012658227848101267,0.2658227848101266,0.13924050632911394,0.012658227848101267,0.012658227848101267,0.012658227848101267,0.5189873417721519,0.012658227848101267,0.012658227848101267
1110889231092731906,2019-03-27,0,2707085628,HuffPostIndia,127412,us senator says having more 'american babies' is the solution to climate change,13,0.020408163265306124,0.020408163265306124,0.020408163265306124,0.020408163265306124,0.020408163265306124,0.020408163265306124,0.020408163265306124,0.8367346938775511,0.020408163265306124
869889750358007809,2017-05-31,6,14298769,MollyJongFast,8528,can not wait for the winter white house to be underwater. #fuckthekochbrothers #fucktrump #climatehope is dead.,16,0.010101010101010104,0.41414141414141414,0.010101010101010104,0.010101010101010104,0.010101010101010104,0.11111111111111113,0.010101010101010104,0.41414141414141414,0.010101010101010104
743446424461926400,2016-06-16,1,2515305493,MaraOlivaPhD,427,can the china dream be compared to the #americandream ? &amp; what role does #climatechange play in both? #ccsrc @unirdg_history @uniofreading,21,0.009174311926605507,0.009174311926605507,0.5596330275229359,0.009174311926605507,0.009174311926605507,0.009174311926605507,0.009174311926605507,0.009174311926605507,0.3761467889908257
1049381602072162304,2018-10-08,0,744811249775480800,sueguthrie11,134,"we have 12 years to limit climate change catastrophe, warns un",11,0.02040816326530612,0.6326530612244897,0.02040816326530612,0.02040816326530612,0.22448979591836735,0.02040816326530612,0.02040816326530612,0.02040816326530612,0.02040816326530612
748763105321070593,2016-07-01,1,17990173,SustainBrands,76187,.@interface_uk unveils radical 'climate take back' program,7,0.014492753623188408,0.014492753623188408,0.014492753623188408,0.014492753623188408,0.5942028985507246,0.15942028985507248,0.15942028985507248,0.014492753623188408,0.014492753623188408
718438779178983424,2016-04-08,0,173080504,Prof_Ripper,891,is this the greatest thing that's ever happened? (and what does it have to do with climate change?): some peo...,20,0.02040816326530612,0.02040816326530612,0.02040816326530612,0.02040816326530612,0.02040816326530612,0.02040816326530612,0.42857142857142855,0.42857142857142855,0.02040816326530612
755360205601472512,2016-07-19,1,2654693412,DrJJanes,357,"trump is getting even trumpier!, "" the global climate favors ...longing for the brutal strongman. trump could win",18,0.010101010101010102,0.010101010101010102,0.010101010101010102,0.11111111111111112,0.31313131313131315,0.010101010101010102,0.010101010101010102,0.5151515151515151,0.010101010101010102
903606189472309248,2017-09-01,0,824322314535895e3,jcmulloy,12,california to pass law setting 100% renewable electricity goal | climate home - climate change news,16,0.7171717171717171,0.21212121212121213,0.010101010101010102,0.010101010101010102,0.010101010101010102,0.010101010101010102,0.010101010101010102,0.010101010101010102,0.010101010101010102
1107646017850224641,2019-03-18,0,776902033299349500,OliJWheeler,373,i wrote this for climate strike,6,0.034482758620689655,0.034482758620689655,0.034482758620689655,0.034482758620689655,0.034482758620689655,0.3793103448275862,0.3793103448275862,0.034482758620689655,0.034482758620689655
806531847383613440,2016-12-07,7,2281217988,GraceOSllvn,1939,"we're hearing from minister @denisnaughten on ireland's #climate action plan. we need a radical transformation,not tinkering #parisagreement",17,0.009174311926605505,0.009174311926605505,0.28440366972477066,0.10091743119266056,0.1926605504587156,0.37614678899082565,0.009174311926605505,0.009174311926605505,0.009174311926605505
724688610482495488,2016-04-25,2,2352129288,NW_CSC,848,old growth forests in the northwest buffer their microclimates against global warming,12,0.012658227848101267,0.6455696202531646,0.012658227848101267,0.012658227848101267,0.012658227848101267,0.012658227848101267,0.012658227848101267,0.012658227848101267,0.2658227848101266
744662773028651009,2016-06-19,0,175487483,HoustonianMan,3283,obama falsely links fires to climate change at yosemite,9,0.016949152542372885,0.18644067796610173,0.016949152542372885,0.016949152542372885,0.6949152542372882,0.016949152542372885,0.016949152542372885,0.016949152542372885,0.016949152542372885
718157897293807618,2016-04-07,0,76549103,DomRangel7,400,join live: talk #climatechange + win a maroon 5 signed guitar! 4/11 @ 8pmet #liveentry -,16,0.010101010101010102,0.010101010101010102,0.9191919191919191,0.010101010101010102,0.010101010101010102,0.010101010101010102,0.010101010101010102,0.010101010101010102,0.010101010101010102
837422251410612224,2017-03-02,0,315554589,yobhends,238,climate protection budget was already way too low but v cool to see how determined people are to make sure millenials' grandkids dont see 40,25,0.009174311926605507,0.009174311926605507,0.009174311926605507,0.10091743119266057,0.009174311926605507,0.009174311926605507,0.009174311926605507,0.46788990825688076,0.3761467889908257
948695574953390080,2018-01-03,0,958580492,gallbag123,845,@supermoosie @danielandrewsmp so where do you get that i accept that from?? the climate has always changed. during the last ice age co2 levels were 10 times higher than current levels.,31,0.008403361344537815,0.6806722689075629,0.008403361344537815,0.008403361344537815,0.008403361344537815,0.2605042016806723,0.008403361344537815,0.008403361344537815,0.008403361344537815
692031844494147584,2016-01-26,0,371909439,TechnoNewsDaily,1664,please stop saying humans arent causing climate change: new calculations shows there is just a 0.01 percent c...,18,0.012658227848101267,0.012658227848101267,0.012658227848101267,0.8987341772151899,0.012658227848101267,0.012658227848101267,0.012658227848101267,0.012658227848101267,0.012658227848101267
750346529584603137,2016-07-05,0,3131302240,PlantsLoveCO2,150,yale climate:food wastes as source of renewable energy,8,0.4492753623188406,0.014492753623188406,0.014492753623188406,0.014492753623188406,0.014492753623188406,0.014492753623188406,0.014492753623188406,0.014492753623188406,0.4492753623188406
688693295757799424,2016-01-17,0,3337923111,CarbonoFinanzas,117,"cif_action: for the good of our planet and our people, we must invest in #climate cif-action head mafalda duarte",19,0.008403361344537815,0.008403361344537815,0.008403361344537815,0.008403361344537815,0.09243697478991597,0.09243697478991597,0.008403361344537815,0.008403361344537815,0.7647058823529411
978231367367569408,2018-03-26,6,3421091777,MiF_Nigeria,50189,life below water: sharks are freezing to death in the arctic outbreak #environment #climate #climatechange #sdgs...,16,0.010101010101010102,0.7171717171717171,0.010101010101010102,0.010101010101010102,0.010101010101010102,0.010101010101010102,0.11111111111111112,0.010101010101010102,0.11111111111111112
865949959484579841,2017-05-20,2,17714040,DougBarasch,670,and now a brief break from #trumphorrors to bring you a piece of good news. #renewableenergy #algore #climatechange,18,0.011235955056179775,0.011235955056179775,0.011235955056179775,0.011235955056179775,0.011235955056179775,0.9101123595505617,0.011235955056179775,0.011235955056179775,0.011235955056179775
687302622794133504,2016-01-13,0,4310135782,morley_louise,886,#liberals: stop your climate-change hectoring -,6,0.7948717948717948,0.02564102564102564,0.02564102564102564,0.02564102564102564,0.02564102564102564,0.02564102564102564,0.02564102564102564,0.02564102564102564,0.02564102564102564
882272065398747137,2017-07-04,1,32376640,JoeMoreno44,173,must read! #resist #trumpcare #climatechange,5,0.02564102564102564,0.02564102564102564,0.02564102564102564,0.28205128205128205,0.02564102564102564,0.02564102564102564,0.02564102564102564,0.5384615384615384,0.02564102564102564
895350991570251776,2017-08-09,0,3316308666,Stella14WMay,44,canada's hope to get climate change into nafta could prove difficult,11,0.3559322033898305,0.01694915254237288,0.01694915254237288,0.1864406779661017,0.1864406779661017,0.01694915254237288,0.1864406779661017,0.01694915254237288,0.01694915254237288
997872722788036609,2018-05-19,0,21924780,HenryQCurtis,202,american public health association tackles climate change,7,0.016949152542372885,0.016949152542372885,0.864406779661017,0.016949152542372885,0.016949152542372885,0.016949152542372885,0.016949152542372885,0.016949152542372885,0.016949152542372885
848779901301915648,2017-04-03,1,108046004,Stephinhighbury,67,plant trees. theres another story to tell about climate change. and it starts with water.,15,0.01694915254237288,0.01694915254237288,0.3559322033898305,0.01694915254237288,0.01694915254237288,0.01694915254237288,0.01694915254237288,0.01694915254237288,0.5254237288135593
